[
    {
        "hands": [
            [
                {
                    "x": 0.519849956035614,
                    "y": 0.7690455913543701,
                    "z": 1.2677082850132138e-07
                },
                {
                    "x": 0.5173357725143433,
                    "y": 0.7200778722763062,
                    "z": -0.009902149438858032
                },
                {
                    "x": 0.5253235697746277,
                    "y": 0.6697157025337219,
                    "z": -0.017225731164216995
                },
                {
                    "x": 0.5305344462394714,
                    "y": 0.6355655193328857,
                    "z": -0.022882938385009766
                },
                {
                    "x": 0.529268741607666,
                    "y": 0.6064623594284058,
                    "z": -0.028715522959828377
                },
                {
                    "x": 0.554888904094696,
                    "y": 0.6873325109481812,
                    "z": -0.016653189435601234
                },
                {
                    "x": 0.572026252746582,
                    "y": 0.6693533062934875,
                    "z": -0.024816038087010384
                },
                {
                    "x": 0.5847857594490051,
                    "y": 0.6584253311157227,
                    "z": -0.031229637563228607
                },
                {
                    "x": 0.5951249003410339,
                    "y": 0.649499237537384,
                    "z": -0.035759422928094864
                },
                {
                    "x": 0.562908947467804,
                    "y": 0.721415638923645,
                    "z": -0.01731191761791706
                },
                {
                    "x": 0.5827418565750122,
                    "y": 0.7056707739830017,
                    "z": -0.0230454932898283
                },
                {
                    "x": 0.5963769555091858,
                    "y": 0.6960786581039429,
                    "z": -0.026363730430603027
                },
                {
                    "x": 0.6075944304466248,
                    "y": 0.6878055334091187,
                    "z": -0.029445486143231392
                },
                {
                    "x": 0.566291093826294,
                    "y": 0.756371021270752,
                    "z": -0.018611429259181023
                },
                {
                    "x": 0.5855855345726013,
                    "y": 0.7440329790115356,
                    "z": -0.025309428572654724
                },
                {
                    "x": 0.5997105240821838,
                    "y": 0.7373604774475098,
                    "z": -0.02478276938199997
                },
                {
                    "x": 0.6111952662467957,
                    "y": 0.7319349646568298,
                    "z": -0.024292241781949997
                },
                {
                    "x": 0.5663431882858276,
                    "y": 0.7902687788009644,
                    "z": -0.02056974545121193
                },
                {
                    "x": 0.5836916565895081,
                    "y": 0.7787274122238159,
                    "z": -0.026161668822169304
                },
                {
                    "x": 0.5955570936203003,
                    "y": 0.7749555706977844,
                    "z": -0.024028459563851357
                },
                {
                    "x": 0.6045274138450623,
                    "y": 0.7719990611076355,
                    "z": -0.02214227057993412
                }
            ]
        ]
    },
    {
        "hands": [
            [
                {
                    "x": 0.49955257773399353,
                    "y": 0.6603699922561646,
                    "z": 1.9084818347891996e-07
                },
                {
                    "x": 0.4955188035964966,
                    "y": 0.6074196696281433,
                    "z": -0.006644564680755138
                },
                {
                    "x": 0.5035695433616638,
                    "y": 0.5469778180122375,
                    "z": -0.013432066887617111
                },
                {
                    "x": 0.5071480870246887,
                    "y": 0.5001802444458008,
                    "z": -0.019800059497356415
                },
                {
                    "x": 0.5032501220703125,
                    "y": 0.46388867497444153,
                    "z": -0.026539752259850502
                },
                {
                    "x": 0.5299731492996216,
                    "y": 0.5382488965988159,
                    "z": -0.014981360174715519
                },
                {
                    "x": 0.5578698515892029,
                    "y": 0.4935484528541565,
                    "z": -0.0254343431442976
                },
                {
                    "x": 0.5762456059455872,
                    "y": 0.4655388295650482,
                    "z": -0.03258621320128441
                },
                {
                    "x": 0.5900152325630188,
                    "y": 0.4433867633342743,
                    "z": -0.03686818107962608
                },
                {
                    "x": 0.5419695377349854,
                    "y": 0.5600283741950989,
                    "z": -0.018009783700108528
                },
                {
                    "x": 0.573060929775238,
                    "y": 0.5171800255775452,
                    "z": -0.02615467458963394
                },
                {
                    "x": 0.5928511619567871,
                    "y": 0.4887634515762329,
                    "z": -0.03162398561835289
                },
                {
                    "x": 0.6088751554489136,
                    "y": 0.46465227007865906,
                    "z": -0.03537437692284584
                },
                {
                    "x": 0.551397442817688,
                    "y": 0.5878379344940186,
                    "z": -0.021337958052754402
                },
                {
                    "x": 0.5807645320892334,
                    "y": 0.5467897057533264,
                    "z": -0.027939103543758392
                },
                {
                    "x": 0.5988490581512451,
                    "y": 0.5208836197853088,
                    "z": -0.03076077625155449
                },
                {
                    "x": 0.6127351522445679,
                    "y": 0.4990237355232239,
                    "z": -0.03254131227731705
                },
                {
                    "x": 0.5581333041191101,
                    "y": 0.6189436316490173,
                    "z": -0.025148766115307808
                },
                {
                    "x": 0.5812897682189941,
                    "y": 0.5852927565574646,
                    "z": -0.029835578054189682
                },
                {
                    "x": 0.5944746136665344,
                    "y": 0.5640988945960999,
                    "z": -0.029873564839363098
                },
                {
                    "x": 0.6049841642379761,
                    "y": 0.5452528595924377,
                    "z": -0.029395462945103645
                }
            ]
        ]
    },
    {
        "hands": [
            [
                {
                    "x": 0.49321070313453674,
                    "y": 0.6210467219352722,
                    "z": 2.6045964318655024e-07
                },
                {
                    "x": 0.492493212223053,
                    "y": 0.5642805099487305,
                    "z": -0.004114416893571615
                },
                {
                    "x": 0.5031513571739197,
                    "y": 0.5037746429443359,
                    "z": -0.008629785850644112
                },
                {
                    "x": 0.5056107640266418,
                    "y": 0.45660245418548584,
                    "z": -0.013094133697450161
                },
                {
                    "x": 0.498812198638916,
                    "y": 0.4229915738105774,
                    "z": -0.017896171659231186
                },
                {
                    "x": 0.5279936194419861,
                    "y": 0.5013113617897034,
                    "z": -0.00936251599341631
                },
                {
                    "x": 0.5552027821540833,
                    "y": 0.4551858901977539,
                    "z": -0.017672965303063393
                },
                {
                    "x": 0.5738154053688049,
                    "y": 0.4251396656036377,
                    "z": -0.023934347555041313
                },
                {
                    "x": 0.5880871415138245,
                    "y": 0.40116211771965027,
                    "z": -0.02785601280629635
                },
                {
                    "x": 0.5409939289093018,
                    "y": 0.519719660282135,
                    "z": -0.012928711250424385
                },
                {
                    "x": 0.5694677829742432,
                    "y": 0.46965622901916504,
                    "z": -0.019712183624505997
                },
                {
                    "x": 0.5881526470184326,
                    "y": 0.4315655827522278,
                    "z": -0.025263745337724686
                },
                {
                    "x": 0.6024516224861145,
                    "y": 0.3989056944847107,
                    "z": -0.029234247282147408
                },
                {
                    "x": 0.5515425205230713,
                    "y": 0.5428858399391174,
                    "z": -0.01665305159986019
                },
                {
                    "x": 0.580693781375885,
                    "y": 0.49373406171798706,
                    "z": -0.022553836926817894
                },
                {
                    "x": 0.5990890264511108,
                    "y": 0.4580993354320526,
                    "z": -0.026789139956235886
                },
                {
                    "x": 0.6124148368835449,
                    "y": 0.4274236559867859,
                    "z": -0.029505323618650436
                },
                {
                    "x": 0.5592730045318604,
                    "y": 0.5689198970794678,
                    "z": -0.020571516826748848
                },
                {
                    "x": 0.5829859375953674,
                    "y": 0.5303460955619812,
                    "z": -0.0249375831335783
                },
                {
                    "x": 0.59767746925354,
                    "y": 0.5023666024208069,
                    "z": -0.026162687689065933
                },
                {
                    "x": 0.6089354753494263,
                    "y": 0.4768969416618347,
                    "z": -0.026653187349438667
                }
            ]
        ]
    },
    {
        "hands": [
            [
                {
                    "x": 0.494731605052948,
                    "y": 0.5878791213035583,
                    "z": 2.5743585752024956e-07
                },
                {
                    "x": 0.4939489960670471,
                    "y": 0.5269758105278015,
                    "z": 0.0010972566669806838
                },
                {
                    "x": 0.5040783882141113,
                    "y": 0.47146710753440857,
                    "z": -0.0007078269263729453
                },
                {
                    "x": 0.5064194202423096,
                    "y": 0.42896032333374023,
                    "z": -0.003235486103221774
                },
                {
                    "x": 0.5003357529640198,
                    "y": 0.4001930356025696,
                    "z": -0.0060563297010958195
                },
                {
                    "x": 0.5330698490142822,
                    "y": 0.45575669407844543,
                    "z": -0.004227343015372753
                },
                {
                    "x": 0.5628618597984314,
                    "y": 0.40908488631248474,
                    "z": -0.010011509992182255
                },
                {
                    "x": 0.5823840498924255,
                    "y": 0.3822450637817383,
                    "z": -0.01387319341301918
                },
                {
                    "x": 0.5976974964141846,
                    "y": 0.36354976892471313,
                    "z": -0.016098693013191223
                },
                {
                    "x": 0.5458203554153442,
                    "y": 0.47304701805114746,
                    "z": -0.009334767237305641
                },
                {
                    "x": 0.5769709348678589,
                    "y": 0.4233163595199585,
                    "z": -0.012952874414622784
                },
                {
                    "x": 0.5978907346725464,
                    "y": 0.39357638359069824,
                    "z": -0.01615339145064354
                },
                {
                    "x": 0.6140848994255066,
                    "y": 0.37100183963775635,
                    "z": -0.01855117827653885
                },
                {
                    "x": 0.5564946532249451,
                    "y": 0.49736499786376953,
                    "z": -0.01426990982145071
                },
                {
                    "x": 0.585609495639801,
                    "y": 0.44995540380477905,
                    "z": -0.017269957810640335
                },
                {
                    "x": 0.6035947799682617,
                    "y": 0.42347753047943115,
                    "z": -0.01998593844473362
                },
                {
                    "x": 0.6167994141578674,
                    "y": 0.40286970138549805,
                    "z": -0.022083044052124023
                },
                {
                    "x": 0.5645589232444763,
                    "y": 0.5262120366096497,
                    "z": -0.01907305419445038
                },
                {
                    "x": 0.5873910784721375,
                    "y": 0.4905020594596863,
                    "z": -0.021634416654706
                },
                {
                    "x": 0.6014137268066406,
                    "y": 0.46836358308792114,
                    "z": -0.02194376103579998
                },
                {
                    "x": 0.6123082637786865,
                    "y": 0.44992443919181824,
                    "z": -0.021843930706381798
                }
            ]
        ]
    },
    {
        "hands": [
            [
                {
                    "x": 0.4964548349380493,
                    "y": 0.5627821087837219,
                    "z": 1.9491508851388062e-07
                },
                {
                    "x": 0.4954107105731964,
                    "y": 0.5037723779678345,
                    "z": 0.004525802098214626
                },
                {
                    "x": 0.5054992437362671,
                    "y": 0.4510857164859772,
                    "z": 0.004278406500816345
                },
                {
                    "x": 0.5069016218185425,
                    "y": 0.4133704900741577,
                    "z": 0.0026545405853539705
                },
                {
                    "x": 0.5014377236366272,
                    "y": 0.38678717613220215,
                    "z": 0.0002946699096355587
                },
                {
                    "x": 0.5375814437866211,
                    "y": 0.4322856366634369,
                    "z": -0.0012823018478229642
                },
                {
                    "x": 0.5679013133049011,
                    "y": 0.38929682970046997,
                    "z": -0.005569270346313715
                },
                {
                    "x": 0.5866786241531372,
                    "y": 0.367633193731308,
                    "z": -0.008249951526522636
                },
                {
                    "x": 0.6011195182800293,
                    "y": 0.3532269597053528,
                    "z": -0.009560287930071354
                },
                {
                    "x": 0.5500448346138,
                    "y": 0.4506317675113678,
                    "z": -0.00755733298137784
                },
                {
                    "x": 0.583750307559967,
                    "y": 0.4026814103126526,
                    "z": -0.008738087490200996
                },
                {
                    "x": 0.6049023270606995,
                    "y": 0.377328097820282,
                    "z": -0.009920314885675907
                },
                {
                    "x": 0.6208333969116211,
                    "y": 0.3602345287799835,
                    "z": -0.011398524977266788
                },
                {
                    "x": 0.5598617792129517,
                    "y": 0.47690892219543457,
                    "z": -0.013591846451163292
                },
                {
                    "x": 0.5910554528236389,
                    "y": 0.4308844208717346,
                    "z": -0.013996496796607971
                },
                {
                    "x": 0.6087685227394104,
                    "y": 0.40748247504234314,
                    "z": -0.014879731461405754
                },
                {
                    "x": 0.6219593286514282,
                    "y": 0.3902286887168884,
                    "z": -0.01643625646829605
                },
                {
                    "x": 0.5675231218338013,
                    "y": 0.5068959593772888,
                    "z": -0.019402336329221725
                },
                {
                    "x": 0.5911468863487244,
                    "y": 0.47156184911727905,
                    "z": -0.019462380558252335
                },
                {
                    "x": 0.60467928647995,
                    "y": 0.45185258984565735,
                    "z": -0.018319454044103622
                },
                {
                    "x": 0.6151459813117981,
                    "y": 0.43579357862472534,
                    "z": -0.01780051551759243
                }
            ]
        ]
    },
    {
        "hands": [
            [
                {
                    "x": 0.49571049213409424,
                    "y": 0.5530334711074829,
                    "z": 1.5825844457140192e-07
                },
                {
                    "x": 0.4959948658943176,
                    "y": 0.493978887796402,
                    "z": 0.004551039543002844
                },
                {
                    "x": 0.5052098631858826,
                    "y": 0.4438459873199463,
                    "z": 0.0033456734381616116
                },
                {
                    "x": 0.5061377286911011,
                    "y": 0.4077262580394745,
                    "z": 0.000491760321892798
                },
                {
                    "x": 0.5008090734481812,
                    "y": 0.3811381161212921,
                    "z": -0.00295709865167737
                },
                {
                    "x": 0.5396274924278259,
                    "y": 0.42596814036369324,
                    "z": -0.0009175565792247653
                },
                {
                    "x": 0.5706403851509094,
                    "y": 0.3853740990161896,
                    "z": -0.005190444644540548
                },
                {
                    "x": 0.5887032151222229,
                    "y": 0.3648056387901306,
                    "z": -0.007917960174381733
                },
                {
                    "x": 0.6026160717010498,
                    "y": 0.3507590591907501,
                    "z": -0.009542599320411682
                },
                {
                    "x": 0.5522449016571045,
                    "y": 0.4453846216201782,
                    "z": -0.008023192174732685
                },
                {
                    "x": 0.5854824185371399,
                    "y": 0.3992924690246582,
                    "z": -0.009776709601283073
                },
                {
                    "x": 0.6056814193725586,
                    "y": 0.3740667700767517,
                    "z": -0.01148624811321497
                },
                {
                    "x": 0.6211108565330505,
                    "y": 0.3549337685108185,
                    "z": -0.01334763877093792
                },
                {
                    "x": 0.5616706609725952,
                    "y": 0.4720499813556671,
                    "z": -0.014903713949024677
                },
                {
                    "x": 0.5932241082191467,
                    "y": 0.42902088165283203,
                    "z": -0.01562016736716032
                },
                {
                    "x": 0.6113031506538391,
                    "y": 0.40639376640319824,
                    "z": -0.016477515920996666
                },
                {
                    "x": 0.6245381832122803,
                    "y": 0.38757389783859253,
                    "z": -0.01815563254058361
                },
                {
                    "x": 0.5683563947677612,
                    "y": 0.5024266839027405,
                    "z": -0.02162989415228367
                },
                {
                    "x": 0.5920421481132507,
                    "y": 0.47163599729537964,
                    "z": -0.021769138053059578
                },
                {
                    "x": 0.6062151193618774,
                    "y": 0.4531031847000122,
                    "z": -0.020386630669236183
                },
                {
                    "x": 0.6171641945838928,
                    "y": 0.4369109570980072,
                    "z": -0.01979445107281208
                }
            ]
        ]
    },
    {
        "hands": [
            [
                {
                    "x": 0.49293071031570435,
                    "y": 0.5603795051574707,
                    "z": 1.560891149665622e-07
                },
                {
                    "x": 0.491645485162735,
                    "y": 0.5027685165405273,
                    "z": 0.00258835987187922
                },
                {
                    "x": 0.5010042190551758,
                    "y": 0.4516676068305969,
                    "z": 0.000459272792795673
                },
                {
                    "x": 0.5025352835655212,
                    "y": 0.41349470615386963,
                    "z": -0.003060117596760392
                },
                {
                    "x": 0.4961053431034088,
                    "y": 0.3856407701969147,
                    "z": -0.007056340109556913
                },
                {
                    "x": 0.5366418957710266,
                    "y": 0.4310929775238037,
                    "z": -0.002618485828861594
                },
                {
                    "x": 0.5677244663238525,
                    "y": 0.3883756101131439,
                    "z": -0.008074216544628143
                },
                {
                    "x": 0.5865896344184875,
                    "y": 0.36672306060791016,
                    "z": -0.011561000719666481
                },
                {
                    "x": 0.6012122631072998,
                    "y": 0.3524027466773987,
                    "z": -0.013648256659507751
                },
                {
                    "x": 0.5493418574333191,
                    "y": 0.4503883421421051,
                    "z": -0.00922127440571785
                },
                {
                    "x": 0.5829228162765503,
                    "y": 0.40252023935317993,
                    "z": -0.012264764867722988
                },
                {
                    "x": 0.6037330031394958,
                    "y": 0.3774428069591522,
                    "z": -0.014533298090100288
                },
                {
                    "x": 0.6199026107788086,
                    "y": 0.35906320810317993,
                    "z": -0.01651855744421482
                },
                {
                    "x": 0.5585988759994507,
                    "y": 0.4769168794155121,
                    "z": -0.01580801047384739
                },
                {
                    "x": 0.5897327065467834,
                    "y": 0.4323306381702423,
                    "z": -0.01782418228685856
                },
                {
                    "x": 0.6078673601150513,
                    "y": 0.409487247467041,
                    "z": -0.019221365451812744
                },
                {
                    "x": 0.6210237741470337,
                    "y": 0.39131104946136475,
                    "z": -0.020832501351833344
                },
                {
                    "x": 0.5651340484619141,
                    "y": 0.507435142993927,
                    "z": -0.022399429231882095
                },
                {
                    "x": 0.5893147587776184,
                    "y": 0.475153386592865,
                    "z": -0.023191912099719048
                },
                {
                    "x": 0.6033303737640381,
                    "y": 0.4564605951309204,
                    "z": -0.021940214559435844
                },
                {
                    "x": 0.6137751340866089,
                    "y": 0.4405992925167084,
                    "z": -0.021246343851089478
                }
            ]
        ]
    },
    {
        "hands": [
            [
                {
                    "x": 0.4857834279537201,
                    "y": 0.5841665267944336,
                    "z": 1.7125211115853745e-07
                },
                {
                    "x": 0.48173603415489197,
                    "y": 0.5229274034500122,
                    "z": 0.0016501591308042407
                },
                {
                    "x": 0.4900677502155304,
                    "y": 0.46759048104286194,
                    "z": -0.0013273690128698945
                },
                {
                    "x": 0.4906013011932373,
                    "y": 0.42648208141326904,
                    "z": -0.0057439543306827545
                },
                {
                    "x": 0.4828920364379883,
                    "y": 0.3980589807033539,
                    "z": -0.01084892638027668
                },
                {
                    "x": 0.5253899097442627,
                    "y": 0.44395193457603455,
                    "z": -0.0030099491123110056
                },
                {
                    "x": 0.5574021935462952,
                    "y": 0.39757466316223145,
                    "z": -0.009089907631278038
                },
                {
                    "x": 0.5770185589790344,
                    "y": 0.3750024735927582,
                    "z": -0.01338171772658825
                },
                {
                    "x": 0.5927181243896484,
                    "y": 0.358994722366333,
                    "z": -0.015956314280629158
                },
                {
                    "x": 0.5382943749427795,
                    "y": 0.46388816833496094,
                    "z": -0.009555717930197716
                },
                {
                    "x": 0.5725803375244141,
                    "y": 0.4128939211368561,
                    "z": -0.012611293233931065
                },
                {
                    "x": 0.5934082269668579,
                    "y": 0.38550981879234314,
                    "z": -0.015613212250173092
                },
                {
                    "x": 0.6098524332046509,
                    "y": 0.36622440814971924,
                    "z": -0.01819281280040741
                },
                {
                    "x": 0.5476236939430237,
                    "y": 0.49195653200149536,
                    "z": -0.016146613284945488
                },
                {
                    "x": 0.5797755122184753,
                    "y": 0.444977730512619,
                    "z": -0.018046729266643524
                },
                {
                    "x": 0.597932755947113,
                    "y": 0.41946449875831604,
                    "z": -0.01980435848236084
                },
                {
                    "x": 0.6114271879196167,
                    "y": 0.4004722833633423,
                    "z": -0.021695608273148537
                },
                {
                    "x": 0.5543773174285889,
                    "y": 0.5243801474571228,
                    "z": -0.02282346412539482
                },
                {
                    "x": 0.5788610577583313,
                    "y": 0.4886775016784668,
                    "z": -0.022960463538765907
                },
                {
                    "x": 0.5926797986030579,
                    "y": 0.4676447808742523,
                    "z": -0.021117324009537697
                },
                {
                    "x": 0.6036979556083679,
                    "y": 0.45009729266166687,
                    "z": -0.020048290491104126
                }
            ]
        ]
    },
    {
        "hands": [
            [
                {
                    "x": 0.47129857540130615,
                    "y": 0.623871922492981,
                    "z": 1.7671339946900844e-07
                },
                {
                    "x": 0.46403589844703674,
                    "y": 0.5586016178131104,
                    "z": -0.00010055404709419236
                },
                {
                    "x": 0.4711396098136902,
                    "y": 0.49817007780075073,
                    "z": -0.0038380352780222893
                },
                {
                    "x": 0.47154945135116577,
                    "y": 0.452372282743454,
                    "z": -0.00872423592954874
                },
                {
                    "x": 0.464557945728302,
                    "y": 0.42221376299858093,
                    "z": -0.014303312636911869
                },
                {
                    "x": 0.5047712326049805,
                    "y": 0.47286754846572876,
                    "z": -0.00559056643396616
                },
                {
                    "x": 0.5370737910270691,
                    "y": 0.4206259250640869,
                    "z": -0.012939590029418468
                },
                {
                    "x": 0.5571181774139404,
                    "y": 0.39404430985450745,
                    "z": -0.018072543665766716
                },
                {
                    "x": 0.5729514360427856,
                    "y": 0.3748774826526642,
                    "z": -0.02090400829911232
                },
                {
                    "x": 0.5194478631019592,
                    "y": 0.4939291477203369,
                    "z": -0.011478041298687458
                },
                {
                    "x": 0.5536312460899353,
                    "y": 0.43553778529167175,
                    "z": -0.01580606773495674
                },
                {
                    "x": 0.5752611756324768,
                    "y": 0.40348222851753235,
                    "z": -0.019486457109451294
                },
                {
                    "x": 0.5925770998001099,
                    "y": 0.3814566731452942,
                    "z": -0.022205675020813942
                },
                {
                    "x": 0.5304980278015137,
                    "y": 0.5229316353797913,
                    "z": -0.017497027292847633
                },
                {
                    "x": 0.5625998377799988,
                    "y": 0.4672238230705261,
                    "z": -0.020758770406246185
                },
                {
                    "x": 0.5814907550811768,
                    "y": 0.4364456534385681,
                    "z": -0.02317388914525509
                },
                {
                    "x": 0.5956115126609802,
                    "y": 0.4140971601009369,
                    "z": -0.02506203204393387
                },
                {
                    "x": 0.5387328267097473,
                    "y": 0.5560691952705383,
                    "z": -0.02361450158059597
                },
                {
                    "x": 0.5631909966468811,
                    "y": 0.5118855834007263,
                    "z": -0.024836232885718346
                },
                {
                    "x": 0.5771424770355225,
                    "y": 0.4860798120498657,
                    "z": -0.023392895236611366
                },
                {
                    "x": 0.5882683396339417,
                    "y": 0.465170294046402,
                    "z": -0.022260094061493874
                }
            ]
        ]
    },
    {
        "hands": [
            [
                {
                    "x": 0.45462703704833984,
                    "y": 0.6749422550201416,
                    "z": 2.0968020919553965e-07
                },
                {
                    "x": 0.44244253635406494,
                    "y": 0.6131829619407654,
                    "z": -0.006148834712803364
                },
                {
                    "x": 0.44599536061286926,
                    "y": 0.5460455417633057,
                    "z": -0.014192297123372555
                },
                {
                    "x": 0.4466240406036377,
                    "y": 0.4937668442726135,
                    "z": -0.021849138662219048
                },
                {
                    "x": 0.4403562545776367,
                    "y": 0.4584168791770935,
                    "z": -0.03008383698761463
                },
                {
                    "x": 0.47766441106796265,
                    "y": 0.5213283896446228,
                    "z": -0.020940421149134636
                },
                {
                    "x": 0.511570930480957,
                    "y": 0.45884275436401367,
                    "z": -0.032427139580249786
                },
                {
                    "x": 0.5317525863647461,
                    "y": 0.4272579252719879,
                    "z": -0.03835805132985115
                },
                {
                    "x": 0.5475702285766602,
                    "y": 0.403725802898407,
                    "z": -0.0411885604262352
                },
                {
                    "x": 0.4943781793117523,
                    "y": 0.544931948184967,
                    "z": -0.025047676637768745
                },
                {
                    "x": 0.529238224029541,
                    "y": 0.47453248500823975,
                    "z": -0.03370971605181694
                },
                {
                    "x": 0.5508860349655151,
                    "y": 0.4335751533508301,
                    "z": -0.03796878457069397
                },
                {
                    "x": 0.5682851672172546,
                    "y": 0.4041255712509155,
                    "z": -0.040797993540763855
                },
                {
                    "x": 0.5075648427009583,
                    "y": 0.5751680135726929,
                    "z": -0.02909575216472149
                },
                {
                    "x": 0.5391466021537781,
                    "y": 0.5092831254005432,
                    "z": -0.035838883370161057
                },
                {
                    "x": 0.5582588315010071,
                    "y": 0.4717148244380951,
                    "z": -0.03909701108932495
                },
                {
                    "x": 0.5731382966041565,
                    "y": 0.4447857141494751,
                    "z": -0.04120935499668121
                },
                {
                    "x": 0.5180679559707642,
                    "y": 0.607498049736023,
                    "z": -0.03342904523015022
                },
                {
                    "x": 0.5407174229621887,
                    "y": 0.5553690791130066,
                    "z": -0.038004495203495026
                },
                {
                    "x": 0.5548001527786255,
                    "y": 0.5238709449768066,
                    "z": -0.03827535733580589
                },
                {
                    "x": 0.5666601657867432,
                    "y": 0.498647540807724,
                    "z": -0.03800904005765915
                }
            ]
        ]
    },
    {
        "hands": [
            [
                {
                    "x": 0.44074711203575134,
                    "y": 0.7233607172966003,
                    "z": 2.0625245156224992e-07
                },
                {
                    "x": 0.4249909818172455,
                    "y": 0.6693030595779419,
                    "z": -0.010484807193279266
                },
                {
                    "x": 0.4220142662525177,
                    "y": 0.6026819944381714,
                    "z": -0.021124254912137985
                },
                {
                    "x": 0.4189220070838928,
                    "y": 0.5486680269241333,
                    "z": -0.030423475429415703
                },
                {
                    "x": 0.4103332459926605,
                    "y": 0.50965815782547,
                    "z": -0.0402960367500782
                },
                {
                    "x": 0.4501115679740906,
                    "y": 0.5784479379653931,
                    "z": -0.027860311791300774
                },
                {
                    "x": 0.4818761646747589,
                    "y": 0.5141357779502869,
                    "z": -0.04009121656417847
                },
                {
                    "x": 0.500066339969635,
                    "y": 0.48327019810676575,
                    "z": -0.04582909122109413
                },
                {
                    "x": 0.514162003993988,
                    "y": 0.4590761065483093,
                    "z": -0.0487644299864769
                },
                {
                    "x": 0.46782949566841125,
                    "y": 0.6013878583908081,
                    "z": -0.029807474464178085
                },
                {
                    "x": 0.5007743239402771,
                    "y": 0.5328798890113831,
                    "z": -0.039859574288129807
                },
                {
                    "x": 0.5199633240699768,
                    "y": 0.4942309856414795,
                    "z": -0.04333963990211487
                },
                {
                    "x": 0.5349099636077881,
                    "y": 0.46481752395629883,
                    "z": -0.04594026505947113
                },
                {
                    "x": 0.48176243901252747,
                    "y": 0.6302754878997803,
                    "z": -0.032071035355329514
                },
                {
                    "x": 0.5115985870361328,
                    "y": 0.5679631233215332,
                    "z": -0.040788684040308
                },
                {
                    "x": 0.5282331109046936,
                    "y": 0.5327833294868469,
                    "z": -0.04369843006134033
                },
                {
                    "x": 0.540637731552124,
                    "y": 0.5050346255302429,
                    "z": -0.045664381235837936
                },
                {
                    "x": 0.4935781955718994,
                    "y": 0.6595091819763184,
                    "z": -0.0347416065633297
                },
                {
                    "x": 0.5148153901100159,
                    "y": 0.6092079281806946,
                    "z": -0.04169018566608429
                },
                {
                    "x": 0.5269839763641357,
                    "y": 0.5787098407745361,
                    "z": -0.043144114315509796
                },
                {
                    "x": 0.5371302962303162,
                    "y": 0.5522518754005432,
                    "z": -0.04391980543732643
                }
            ]
        ]
    },
    {
        "hands": [
            [
                {
                    "x": 0.42812541127204895,
                    "y": 0.7601590156555176,
                    "z": 2.0367231456930313e-07
                },
                {
                    "x": 0.4134925603866577,
                    "y": 0.7124655842781067,
                    "z": -0.010188772343099117
                },
                {
                    "x": 0.4063147008419037,
                    "y": 0.6451525092124939,
                    "z": -0.021421076729893684
                },
                {
                    "x": 0.3971913456916809,
                    "y": 0.5941572189331055,
                    "z": -0.03111962042748928
                },
                {
                    "x": 0.3801044821739197,
                    "y": 0.5621853470802307,
                    "z": -0.041593972593545914
                },
                {
                    "x": 0.4222918152809143,
                    "y": 0.6434444189071655,
                    "z": -0.03314846754074097
                },
                {
                    "x": 0.4503215253353119,
                    "y": 0.5799928903579712,
                    "z": -0.046062733978033066
                },
                {
                    "x": 0.4671868085861206,
                    "y": 0.5512728691101074,
                    "z": -0.0512758307158947
                },
                {
                    "x": 0.4801971912384033,
                    "y": 0.5286633968353271,
                    "z": -0.05387846380472183
                },
                {
                    "x": 0.4401152431964874,
                    "y": 0.6681727766990662,
                    "z": -0.03564023971557617
                },
                {
                    "x": 0.4705885350704193,
                    "y": 0.5991126298904419,
                    "z": -0.046580083668231964
                },
                {
                    "x": 0.4891718327999115,
                    "y": 0.5614057779312134,
                    "z": -0.04905464127659798
                },
                {
                    "x": 0.5031523108482361,
                    "y": 0.5332618951797485,
                    "z": -0.051055844873189926
                },
                {
                    "x": 0.45674625039100647,
                    "y": 0.6971834301948547,
                    "z": -0.03792477026581764
                },
                {
                    "x": 0.4844953715801239,
                    "y": 0.6327877044677734,
                    "z": -0.04756439849734306
                },
                {
                    "x": 0.5007410049438477,
                    "y": 0.5962399244308472,
                    "z": -0.04918144270777702
                },
                {
                    "x": 0.5133852958679199,
                    "y": 0.5664895176887512,
                    "z": -0.05022836849093437
                },
                {
                    "x": 0.47205355763435364,
                    "y": 0.7254036664962769,
                    "z": -0.04041360691189766
                },
                {
                    "x": 0.49154600501060486,
                    "y": 0.673786997795105,
                    "z": -0.047815900295972824
                },
                {
                    "x": 0.5036153793334961,
                    "y": 0.6404881477355957,
                    "z": -0.04872698336839676
                },
                {
                    "x": 0.5142254829406738,
                    "y": 0.6108692288398743,
                    "z": -0.04939818009734154
                }
            ]
        ]
    },
    {
        "hands": [
            [
                {
                    "x": 0.41720032691955566,
                    "y": 0.8032950758934021,
                    "z": 2.3194473897092394e-07
                },
                {
                    "x": 0.40225404500961304,
                    "y": 0.7552593946456909,
                    "z": -0.010896829888224602
                },
                {
                    "x": 0.3944059908390045,
                    "y": 0.6840195655822754,
                    "z": -0.022065777331590652
                },
                {
                    "x": 0.3839605450630188,
                    "y": 0.6312021613121033,
                    "z": -0.031186416745185852
                },
                {
                    "x": 0.3656119704246521,
                    "y": 0.5988317131996155,
                    "z": -0.04098236933350563
                },
                {
                    "x": 0.40642935037612915,
                    "y": 0.6938899159431458,
                    "z": -0.03572549670934677
                },
                {
                    "x": 0.42916277050971985,
                    "y": 0.6372005343437195,
                    "z": -0.05082826316356659
                },
                {
                    "x": 0.44549405574798584,
                    "y": 0.6059741973876953,
                    "z": -0.057723719626665115
                },
                {
                    "x": 0.45971977710723877,
                    "y": 0.5802628993988037,
                    "z": -0.06149173527956009
                },
                {
                    "x": 0.42532622814178467,
                    "y": 0.7189062833786011,
                    "z": -0.038066066801548004
                },
                {
                    "x": 0.450940877199173,
                    "y": 0.6568478345870972,
                    "z": -0.0516543984413147
                },
                {
                    "x": 0.467937707901001,
                    "y": 0.6179468631744385,
                    "z": -0.055908504873514175
                },
                {
                    "x": 0.481738805770874,
                    "y": 0.5867761969566345,
                    "z": -0.05900854989886284
                },
                {
                    "x": 0.44412973523139954,
                    "y": 0.7460610866546631,
                    "z": -0.04005129635334015
                },
                {
                    "x": 0.4685329794883728,
                    "y": 0.6871696710586548,
                    "z": -0.052207980304956436
                },
                {
                    "x": 0.4830135405063629,
                    "y": 0.6481295228004456,
                    "z": -0.055063653737306595
                },
                {
                    "x": 0.4940228760242462,
                    "y": 0.6148573756217957,
                    "z": -0.05656440928578377
                },
                {
                    "x": 0.4615172743797302,
                    "y": 0.7707840204238892,
                    "z": -0.042117226868867874
                },
                {
                    "x": 0.47907114028930664,
                    "y": 0.7199715971946716,
                    "z": -0.051191288977861404
                },
                {
                    "x": 0.4892010986804962,
                    "y": 0.6859080195426941,
                    "z": -0.0528835766017437
                },
                {
                    "x": 0.49793675541877747,
                    "y": 0.6544613242149353,
                    "z": -0.05393318086862564
                }
            ]
        ]
    },
    {
        "hands": [
            [
                {
                    "x": 0.4095121920108795,
                    "y": 0.8474227786064148,
                    "z": 2.3506500212988612e-07
                },
                {
                    "x": 0.3948657214641571,
                    "y": 0.7913121581077576,
                    "z": -0.008745385333895683
                },
                {
                    "x": 0.3889133334159851,
                    "y": 0.7140771150588989,
                    "z": -0.017567472532391548
                },
                {
                    "x": 0.37873968482017517,
                    "y": 0.6595014929771423,
                    "z": -0.024829214438796043
                },
                {
                    "x": 0.36187613010406494,
                    "y": 0.6257613897323608,
                    "z": -0.03254656866192818
                },
                {
                    "x": 0.4001941382884979,
                    "y": 0.7247984409332275,
                    "z": -0.03073146380484104
                },
                {
                    "x": 0.4205113649368286,
                    "y": 0.6697232127189636,
                    "z": -0.04496810585260391
                },
                {
                    "x": 0.43623292446136475,
                    "y": 0.6370197534561157,
                    "z": -0.05222557857632637
                },
                {
                    "x": 0.4499274492263794,
                    "y": 0.6099464297294617,
                    "z": -0.056587427854537964
                },
                {
                    "x": 0.41941162943840027,
                    "y": 0.7484747767448425,
                    "z": -0.03391623869538307
                },
                {
                    "x": 0.44316738843917847,
                    "y": 0.6886985301971436,
                    "z": -0.04749790206551552
                },
                {
                    "x": 0.45932435989379883,
                    "y": 0.6490560173988342,
                    "z": -0.05331850051879883
                },
                {
                    "x": 0.4716537296772003,
                    "y": 0.6166847944259644,
                    "z": -0.05761043727397919
                },
                {
                    "x": 0.4391360282897949,
                    "y": 0.7739750146865845,
                    "z": -0.03669364005327225
                },
                {
                    "x": 0.4615657925605774,
                    "y": 0.7157389521598816,
                    "z": -0.048619192093610764
                },
                {
                    "x": 0.476005882024765,
                    "y": 0.6782321929931641,
                    "z": -0.052174992859363556
                },
                {
                    "x": 0.4860992133617401,
                    "y": 0.6474881172180176,
                    "z": -0.05409431457519531
                },
                {
                    "x": 0.457084059715271,
                    "y": 0.7959514260292053,
                    "z": -0.03951845318078995
                },
                {
                    "x": 0.4750868082046509,
                    "y": 0.7433394193649292,
                    "z": -0.04765690490603447
                },
                {
                    "x": 0.485502153635025,
                    "y": 0.7085931897163391,
                    "z": -0.049704812467098236
                },
                {
                    "x": 0.4945918619632721,
                    "y": 0.677117109298706,
                    "z": -0.051207415759563446
                }
            ]
        ]
    },
    {
        "hands": [
            [
                {
                    "x": 0.40861794352531433,
                    "y": 0.8627369999885559,
                    "z": 2.645073777785001e-07
                },
                {
                    "x": 0.39441627264022827,
                    "y": 0.7994421720504761,
                    "z": -0.00767905917018652
                },
                {
                    "x": 0.38791483640670776,
                    "y": 0.7233700156211853,
                    "z": -0.015627844259142876
                },
                {
                    "x": 0.37697476148605347,
                    "y": 0.6696751117706299,
                    "z": -0.02257678657770157
                },
                {
                    "x": 0.3592168092727661,
                    "y": 0.637615442276001,
                    "z": -0.02978181652724743
                },
                {
                    "x": 0.39907148480415344,
                    "y": 0.7357845306396484,
                    "z": -0.02554374560713768
                },
                {
                    "x": 0.41940563917160034,
                    "y": 0.6821901798248291,
                    "z": -0.039434101432561874
                },
                {
                    "x": 0.43479105830192566,
                    "y": 0.6491031646728516,
                    "z": -0.04718078672885895
                },
                {
                    "x": 0.4483809769153595,
                    "y": 0.6225737929344177,
                    "z": -0.05200794339179993
                },
                {
                    "x": 0.4184211194515228,
                    "y": 0.7603963613510132,
                    "z": -0.029315683990716934
                },
                {
                    "x": 0.4405495524406433,
                    "y": 0.7032970190048218,
                    "z": -0.043018683791160583
                },
                {
                    "x": 0.4562760591506958,
                    "y": 0.6634116768836975,
                    "z": -0.04999915882945061
                },
                {
                    "x": 0.4681471288204193,
                    "y": 0.6310597062110901,
                    "z": -0.05506477877497673
                },
                {
                    "x": 0.4385038912296295,
                    "y": 0.7852902412414551,
                    "z": -0.03282477706670761
                },
                {
                    "x": 0.4602122902870178,
                    "y": 0.7290251851081848,
                    "z": -0.04513955116271973
                },
                {
                    "x": 0.4740337133407593,
                    "y": 0.6908319592475891,
                    "z": -0.049481939524412155
                },
                {
                    "x": 0.4831966459751129,
                    "y": 0.6583186388015747,
                    "z": -0.051745858043432236
                },
                {
                    "x": 0.4564914405345917,
                    "y": 0.8060396909713745,
                    "z": -0.03639694303274155
                },
                {
                    "x": 0.474430650472641,
                    "y": 0.754984438419342,
                    "z": -0.04475792869925499
                },
                {
                    "x": 0.4840177893638611,
                    "y": 0.7210041880607605,
                    "z": -0.0471353642642498
                },
                {
                    "x": 0.4921073317527771,
                    "y": 0.6898080110549927,
                    "z": -0.048712633550167084
                }
            ]
        ]
    },
    {
        "hands": [
            [
                {
                    "x": 0.409893661737442,
                    "y": 0.8673049807548523,
                    "z": 2.744547771271755e-07
                },
                {
                    "x": 0.39619943499565125,
                    "y": 0.8051091432571411,
                    "z": -0.007925393991172314
                },
                {
                    "x": 0.38938629627227783,
                    "y": 0.7270926833152771,
                    "z": -0.015723302960395813
                },
                {
                    "x": 0.3792964220046997,
                    "y": 0.6724276542663574,
                    "z": -0.022260814905166626
                },
                {
                    "x": 0.36230525374412537,
                    "y": 0.6409544944763184,
                    "z": -0.029152655974030495
                },
                {
                    "x": 0.3993156850337982,
                    "y": 0.7407330274581909,
                    "z": -0.027612628415226936
                },
                {
                    "x": 0.4195692837238312,
                    "y": 0.6869429349899292,
                    "z": -0.04142192006111145
                },
                {
                    "x": 0.4346131384372711,
                    "y": 0.6543651819229126,
                    "z": -0.048729464411735535
                },
                {
                    "x": 0.447833776473999,
                    "y": 0.6283496618270874,
                    "z": -0.0532938688993454
                },
                {
                    "x": 0.4180181324481964,
                    "y": 0.7655140161514282,
                    "z": -0.031062385067343712
                },
                {
                    "x": 0.4402507245540619,
                    "y": 0.7077091336250305,
                    "z": -0.045013945549726486
                },
                {
                    "x": 0.45544299483299255,
                    "y": 0.6681554317474365,
                    "z": -0.0517604798078537
                },
                {
                    "x": 0.4668292999267578,
                    "y": 0.6367908716201782,
                    "z": -0.05666271224617958
                },
                {
                    "x": 0.43782976269721985,
                    "y": 0.7904853820800781,
                    "z": -0.03410261124372482
                },
                {
                    "x": 0.4601612091064453,
                    "y": 0.7344090342521667,
                    "z": -0.046434104442596436
                },
                {
                    "x": 0.4740223288536072,
                    "y": 0.696559727191925,
                    "z": -0.05064847320318222
                },
                {
                    "x": 0.483273446559906,
                    "y": 0.6648015975952148,
                    "z": -0.05289895087480545
                },
                {
                    "x": 0.45624327659606934,
                    "y": 0.8113480806350708,
                    "z": -0.03718019649386406
                },
                {
                    "x": 0.4746350347995758,
                    "y": 0.7600544095039368,
                    "z": -0.04557463899254799
                },
                {
                    "x": 0.4843403398990631,
                    "y": 0.7265874147415161,
                    "z": -0.04802200198173523
                },
                {
                    "x": 0.49256446957588196,
                    "y": 0.6961314678192139,
                    "z": -0.049729738384485245
                }
            ]
        ]
    },
    {
        "hands": [
            [
                {
                    "x": 0.40999147295951843,
                    "y": 0.8684066534042358,
                    "z": 2.8043720590176235e-07
                },
                {
                    "x": 0.39684706926345825,
                    "y": 0.8064734935760498,
                    "z": -0.007668191101402044
                },
                {
                    "x": 0.39107951521873474,
                    "y": 0.7281075119972229,
                    "z": -0.01523062027990818
                },
                {
                    "x": 0.3822903633117676,
                    "y": 0.6730909943580627,
                    "z": -0.02149023301899433
                },
                {
                    "x": 0.36585941910743713,
                    "y": 0.6403447389602661,
                    "z": -0.02809329517185688
                },
                {
                    "x": 0.40010520815849304,
                    "y": 0.7423931360244751,
                    "z": -0.02783515304327011
                },
                {
                    "x": 0.42129021883010864,
                    "y": 0.6878165006637573,
                    "z": -0.041418444365262985
                },
                {
                    "x": 0.4368634521961212,
                    "y": 0.6552311182022095,
                    "z": -0.04836418852210045
                },
                {
                    "x": 0.45058733224868774,
                    "y": 0.6298182010650635,
                    "z": -0.052630748599767685
                },
                {
                    "x": 0.41839587688446045,
                    "y": 0.7683374881744385,
                    "z": -0.03130340948700905
                },
                {
                    "x": 0.4410666525363922,
                    "y": 0.7093867063522339,
                    "z": -0.04495320841670036
                },
                {
                    "x": 0.4565128684043884,
                    "y": 0.6692984104156494,
                    "z": -0.05133678764104843
                },
                {
                    "x": 0.46811643242836,
                    "y": 0.6382213830947876,
                    "z": -0.056034721434116364
                },
                {
                    "x": 0.43798205256462097,
                    "y": 0.7939435243606567,
                    "z": -0.034288808703422546
                },
                {
                    "x": 0.46111583709716797,
                    "y": 0.7367998361587524,
                    "z": -0.04641404002904892
                },
                {
                    "x": 0.47519534826278687,
                    "y": 0.6987897753715515,
                    "z": -0.050292979925870895
                },
                {
                    "x": 0.48446977138519287,
                    "y": 0.6673485040664673,
                    "z": -0.052341509610414505
                },
                {
                    "x": 0.4563875198364258,
                    "y": 0.8151853084564209,
                    "z": -0.03727726265788078
                },
                {
                    "x": 0.475926011800766,
                    "y": 0.7630565166473389,
                    "z": -0.04552580788731575
                },
                {
                    "x": 0.48597338795661926,
                    "y": 0.730155885219574,
                    "z": -0.047657761722803116
                },
                {
                    "x": 0.4942411184310913,
                    "y": 0.7005445957183838,
                    "z": -0.04911554977297783
                }
            ]
        ]
    },
    {
        "hands": [
            [
                {
                    "x": 0.4111397862434387,
                    "y": 0.8701401948928833,
                    "z": 2.8825587605751934e-07
                },
                {
                    "x": 0.39821115136146545,
                    "y": 0.8085824251174927,
                    "z": -0.00752096064388752
                },
                {
                    "x": 0.39288511872291565,
                    "y": 0.730080783367157,
                    "z": -0.01497829519212246
                },
                {
                    "x": 0.3849871754646301,
                    "y": 0.6744078397750854,
                    "z": -0.021134795621037483
                },
                {
                    "x": 0.3691259026527405,
                    "y": 0.6408122181892395,
                    "z": -0.02759019285440445
                },
                {
                    "x": 0.4010084867477417,
                    "y": 0.7446697950363159,
                    "z": -0.02754671312868595
                },
                {
                    "x": 0.42343491315841675,
                    "y": 0.6896703839302063,
                    "z": -0.041176073253154755
                },
                {
                    "x": 0.4394877851009369,
                    "y": 0.6571270227432251,
                    "z": -0.04801831766963005
                },
                {
                    "x": 0.45342200994491577,
                    "y": 0.631766676902771,
                    "z": -0.052136749029159546
                },
                {
                    "x": 0.419146865606308,
                    "y": 0.7711504101753235,
                    "z": -0.03117186203598976
                },
                {
                    "x": 0.44354066252708435,
                    "y": 0.7116371393203735,
                    "z": -0.044743698090314865
                },
                {
                    "x": 0.45949989557266235,
                    "y": 0.671124279499054,
                    "z": -0.05089329928159714
                },
                {
                    "x": 0.47142377495765686,
                    "y": 0.6395585536956787,
                    "z": -0.05535856634378433
                },
                {
                    "x": 0.4385329782962799,
                    "y": 0.7973199486732483,
                    "z": -0.03436749428510666
                },
                {
                    "x": 0.4629804491996765,
                    "y": 0.7402635216712952,
                    "z": -0.04664500430226326
                },
                {
                    "x": 0.4771769046783447,
                    "y": 0.7018142938613892,
                    "z": -0.050543393939733505
                },
                {
                    "x": 0.4865882098674774,
                    "y": 0.6694849133491516,
                    "z": -0.05254090949892998
                },
                {
                    "x": 0.4569684863090515,
                    "y": 0.8191719055175781,
                    "z": -0.037539076060056686
                },
                {
                    "x": 0.4778784513473511,
                    "y": 0.767880916595459,
                    "z": -0.04613145813345909
                },
                {
                    "x": 0.4886321425437927,
                    "y": 0.73555988073349,
                    "z": -0.048312958329916
                },
                {
                    "x": 0.49738824367523193,
                    "y": 0.7060970067977905,
                    "z": -0.04971250891685486
                }
            ]
        ]
    },
    {
        "hands": [
            [
                {
                    "x": 0.4119250178337097,
                    "y": 0.8707951307296753,
                    "z": 2.9736270334979054e-07
                },
                {
                    "x": 0.39923375844955444,
                    "y": 0.8095026612281799,
                    "z": -0.00804147869348526
                },
                {
                    "x": 0.3955885171890259,
                    "y": 0.731008768081665,
                    "z": -0.01589016243815422
                },
                {
                    "x": 0.38935309648513794,
                    "y": 0.6747171878814697,
                    "z": -0.022181743755936623
                },
                {
                    "x": 0.3744957149028778,
                    "y": 0.6392111778259277,
                    "z": -0.028779083862900734
                },
                {
                    "x": 0.4038923978805542,
                    "y": 0.746252715587616,
                    "z": -0.029526375234127045
                },
                {
                    "x": 0.4270791709423065,
                    "y": 0.6933360695838928,
                    "z": -0.04385995864868164
                },
                {
                    "x": 0.4433024525642395,
                    "y": 0.6597031354904175,
                    "z": -0.05110121890902519
                },
                {
                    "x": 0.4575822651386261,
                    "y": 0.63298499584198,
                    "z": -0.055501580238342285
                },
                {
                    "x": 0.42191898822784424,
                    "y": 0.7738363146781921,
                    "z": -0.03310935199260712
                },
                {
                    "x": 0.4478839933872223,
                    "y": 0.7149511575698853,
                    "z": -0.0471658892929554
                },
                {
                    "x": 0.46458420157432556,
                    "y": 0.6735868453979492,
                    "z": -0.05352961644530296
                },
                {
                    "x": 0.4775283634662628,
                    "y": 0.6408555507659912,
                    "z": -0.05826872959733009
                },
                {
                    "x": 0.44090715050697327,
                    "y": 0.8005290627479553,
                    "z": -0.036228787153959274
                },
                {
                    "x": 0.46630582213401794,
                    "y": 0.7440962195396423,
                    "z": -0.048986561596393585
                },
                {
                    "x": 0.48138004541397095,
                    "y": 0.7052484750747681,
                    "z": -0.053090497851371765
                },
                {
                    "x": 0.49181830883026123,
                    "y": 0.6720941662788391,
                    "z": -0.05532924830913544
                },
                {
                    "x": 0.45884519815444946,
                    "y": 0.8228644728660583,
                    "z": -0.03933774679899216
                },
                {
                    "x": 0.48070886731147766,
                    "y": 0.7730267643928528,
                    "z": -0.04831989109516144
                },
                {
                    "x": 0.49226707220077515,
                    "y": 0.7409143447875977,
                    "z": -0.050795167684555054
                },
                {
                    "x": 0.5021631121635437,
                    "y": 0.7110382914543152,
                    "z": -0.052502915263175964
                }
            ]
        ]
    },
    {
        "hands": [
            [
                {
                    "x": 0.41088640689849854,
                    "y": 0.8704838156700134,
                    "z": 3.1402507261191204e-07
                },
                {
                    "x": 0.4007108807563782,
                    "y": 0.809501051902771,
                    "z": -0.008385811001062393
                },
                {
                    "x": 0.40138205885887146,
                    "y": 0.7315924167633057,
                    "z": -0.016157660633325577
                },
                {
                    "x": 0.3990378975868225,
                    "y": 0.6736838817596436,
                    "z": -0.02200309745967388
                },
                {
                    "x": 0.3864363431930542,
                    "y": 0.6353818774223328,
                    "z": -0.028181422501802444
                },
                {
                    "x": 0.40704384446144104,
                    "y": 0.7473791837692261,
                    "z": -0.03111298941075802
                },
                {
                    "x": 0.432563841342926,
                    "y": 0.6949270963668823,
                    "z": -0.045079100877046585
                },
                {
                    "x": 0.4501691460609436,
                    "y": 0.6612284183502197,
                    "z": -0.05157630890607834
                },
                {
                    "x": 0.4649781286716461,
                    "y": 0.6355800032615662,
                    "z": -0.05526642128825188
                },
                {
                    "x": 0.4233202040195465,
                    "y": 0.7773874998092651,
                    "z": -0.03425132483243942
                },
                {
                    "x": 0.4531867206096649,
                    "y": 0.7174280881881714,
                    "z": -0.047479499131441116
                },
                {
                    "x": 0.47222474217414856,
                    "y": 0.6762688755989075,
                    "z": -0.05256494879722595
                },
                {
                    "x": 0.48700863122940063,
                    "y": 0.6454110741615295,
                    "z": -0.05638277530670166
                },
                {
                    "x": 0.4407707750797272,
                    "y": 0.8069886565208435,
                    "z": -0.036908041685819626
                },
                {
                    "x": 0.4700331389904022,
                    "y": 0.7499603629112244,
                    "z": -0.04903247207403183
                },
                {
                    "x": 0.4877605438232422,
                    "y": 0.7104270458221436,
                    "z": -0.05289372056722641
                },
                {
                    "x": 0.5006113052368164,
                    "y": 0.677796483039856,
                    "z": -0.055086806416511536
                },
                {
                    "x": 0.4575721025466919,
                    "y": 0.8323478102684021,
                    "z": -0.03951573744416237
                },
                {
                    "x": 0.4828856885433197,
                    "y": 0.783737063407898,
                    "z": -0.04853885620832443
                },
                {
                    "x": 0.49694907665252686,
                    "y": 0.7514140009880066,
                    "z": -0.05126010999083519
                },
                {
                    "x": 0.5088324546813965,
                    "y": 0.7218376398086548,
                    "z": -0.05311845988035202
                }
            ]
        ]
    },
    {
        "hands": [
            [
                {
                    "x": 0.41055214405059814,
                    "y": 0.8713387250900269,
                    "z": 3.1583260806655744e-07
                },
                {
                    "x": 0.4054701626300812,
                    "y": 0.8098525404930115,
                    "z": -0.008472722955048084
                },
                {
                    "x": 0.41209304332733154,
                    "y": 0.7308240532875061,
                    "z": -0.015925588086247444
                },
                {
                    "x": 0.4154282808303833,
                    "y": 0.6720064878463745,
                    "z": -0.021329550072550774
                },
                {
                    "x": 0.40548035502433777,
                    "y": 0.6323677897453308,
                    "z": -0.026800764724612236
                },
                {
                    "x": 0.4101051390171051,
                    "y": 0.7498549222946167,
                    "z": -0.030797647312283516
                },
                {
                    "x": 0.43819659948349,
                    "y": 0.7015853524208069,
                    "z": -0.044065188616514206
                },
                {
                    "x": 0.4578332304954529,
                    "y": 0.671196699142456,
                    "z": -0.04972530156373978
                },
                {
                    "x": 0.47453808784484863,
                    "y": 0.6481805443763733,
                    "z": -0.052641693502664566
                },
                {
                    "x": 0.4239427447319031,
                    "y": 0.7836886048316956,
                    "z": -0.03349079191684723
                },
                {
                    "x": 0.45883670449256897,
                    "y": 0.7266280055046082,
                    "z": -0.045367076992988586
                },
                {
                    "x": 0.48067930340766907,
                    "y": 0.6891416907310486,
                    "z": -0.04894904047250748
                },
                {
                    "x": 0.49799734354019165,
                    "y": 0.6626088619232178,
                    "z": -0.05167356878519058
                },
                {
                    "x": 0.4399661421775818,
                    "y": 0.8162016868591309,
                    "z": -0.03576361760497093
                },
                {
                    "x": 0.4746828079223633,
                    "y": 0.7612320780754089,
                    "z": -0.04643678292632103
                },
                {
                    "x": 0.4952678680419922,
                    "y": 0.7230848073959351,
                    "z": -0.049227554351091385
                },
                {
                    "x": 0.5101755857467651,
                    "y": 0.6933199167251587,
                    "z": -0.05081890523433685
                },
                {
                    "x": 0.4563271403312683,
                    "y": 0.8440874814987183,
                    "z": -0.03810016065835953
                },
                {
                    "x": 0.4855484962463379,
                    "y": 0.7966334819793701,
                    "z": -0.0456584207713604
                },
                {
                    "x": 0.5018678903579712,
                    "y": 0.7649140357971191,
                    "z": -0.04753446578979492
                },
                {
                    "x": 0.5148758888244629,
                    "y": 0.7371466755867004,
                    "z": -0.04893941059708595
                }
            ]
        ]
    },
    {
        "hands": [
            [
                {
                    "x": 0.40978989005088806,
                    "y": 0.8750756978988647,
                    "z": 2.7374559863346803e-07
                },
                {
                    "x": 0.4101412892341614,
                    "y": 0.8130707144737244,
                    "z": -0.00581609969958663
                },
                {
                    "x": 0.4232322871685028,
                    "y": 0.7394881248474121,
                    "z": -0.012655607424676418
                },
                {
                    "x": 0.43280619382858276,
                    "y": 0.6846936941146851,
                    "z": -0.017885245382785797
                },
                {
                    "x": 0.42728492617607117,
                    "y": 0.6435614228248596,
                    "z": -0.023145131766796112
                },
                {
                    "x": 0.4179113209247589,
                    "y": 0.7543503642082214,
                    "z": -0.029109062626957893
                },
                {
                    "x": 0.45030468702316284,
                    "y": 0.712024450302124,
                    "z": -0.0411687009036541
                },
                {
                    "x": 0.470548152923584,
                    "y": 0.6897593140602112,
                    "z": -0.045995261520147324
                },
                {
                    "x": 0.48579442501068115,
                    "y": 0.6728641986846924,
                    "z": -0.04807223007082939
                },
                {
                    "x": 0.428798109292984,
                    "y": 0.7911223769187927,
                    "z": -0.03215200826525688
                },
                {
                    "x": 0.47075656056404114,
                    "y": 0.7437556385993958,
                    "z": -0.041961219161748886
                },
                {
                    "x": 0.49465814232826233,
                    "y": 0.7173482775688171,
                    "z": -0.04324261099100113
                },
                {
                    "x": 0.511895477771759,
                    "y": 0.6998759508132935,
                    "z": -0.04451363533735275
                },
                {
                    "x": 0.44146624207496643,
                    "y": 0.827262818813324,
                    "z": -0.03446470946073532
                },
                {
                    "x": 0.48174068331718445,
                    "y": 0.7835420966148376,
                    "z": -0.04259554669260979
                },
                {
                    "x": 0.5031876564025879,
                    "y": 0.7599172592163086,
                    "z": -0.04160889610648155
                },
                {
                    "x": 0.5169009566307068,
                    "y": 0.7435514330863953,
                    "z": -0.0408034473657608
                },
                {
                    "x": 0.45497065782546997,
                    "y": 0.8588429093360901,
                    "z": -0.03680349513888359
                },
                {
                    "x": 0.48520520329475403,
                    "y": 0.8176876306533813,
                    "z": -0.04145859181880951
                },
                {
                    "x": 0.5020692348480225,
                    "y": 0.7950575947761536,
                    "z": -0.039684612303972244
                },
                {
                    "x": 0.5142483115196228,
                    "y": 0.7778739333152771,
                    "z": -0.038467101752758026
                }
            ]
        ]
    },
    {
        "hands": [
            [
                {
                    "x": 0.4215937852859497,
                    "y": 0.9089775681495667,
                    "z": 2.4413986920990283e-07
                },
                {
                    "x": 0.4183458685874939,
                    "y": 0.8461248874664307,
                    "z": -0.005716636311262846
                },
                {
                    "x": 0.43433502316474915,
                    "y": 0.768255352973938,
                    "z": -0.010724416933953762
                },
                {
                    "x": 0.4520628750324249,
                    "y": 0.7147386074066162,
                    "z": -0.014573218300938606
                },
                {
                    "x": 0.4534749984741211,
                    "y": 0.6694393157958984,
                    "z": -0.018061267212033272
                },
                {
                    "x": 0.42801907658576965,
                    "y": 0.7813783884048462,
                    "z": -0.025072239339351654
                },
                {
                    "x": 0.46699047088623047,
                    "y": 0.7403140068054199,
                    "z": -0.037091150879859924
                },
                {
                    "x": 0.4918272793292999,
                    "y": 0.7236949801445007,
                    "z": -0.04132336378097534
                },
                {
                    "x": 0.5087562203407288,
                    "y": 0.7136825919151306,
                    "z": -0.04273078963160515
                },
                {
                    "x": 0.439042866230011,
                    "y": 0.8239908814430237,
                    "z": -0.0286920927464962
                },
                {
                    "x": 0.4820184111595154,
                    "y": 0.7813801765441895,
                    "z": -0.038006678223609924
                },
                {
                    "x": 0.5079635977745056,
                    "y": 0.7603105306625366,
                    "z": -0.039244797080755234
                },
                {
                    "x": 0.5262050032615662,
                    "y": 0.7448228597640991,
                    "z": -0.04012199863791466
                },
                {
                    "x": 0.4523492753505707,
                    "y": 0.8685007691383362,
                    "z": -0.031962983310222626
                },
                {
                    "x": 0.49225613474845886,
                    "y": 0.8282552361488342,
                    "z": -0.04074041172862053
                },
                {
                    "x": 0.5160117745399475,
                    "y": 0.8044151067733765,
                    "z": -0.04003886505961418
                },
                {
                    "x": 0.5318542718887329,
                    "y": 0.7837039828300476,
                    "z": -0.039026811718940735
                },
                {
                    "x": 0.4674294888973236,
                    "y": 0.9076618552207947,
                    "z": -0.03533337265253067
                },
                {
                    "x": 0.49896693229675293,
                    "y": 0.87198805809021,
                    "z": -0.04242873564362526
                },
                {
                    "x": 0.5170158743858337,
                    "y": 0.8473042845726013,
                    "z": -0.04145502671599388
                },
                {
                    "x": 0.5302811861038208,
                    "y": 0.8254485726356506,
                    "z": -0.039976514875888824
                }
            ]
        ]
    },
    {
        "hands": [
            [
                {
                    "x": 0.4266382157802582,
                    "y": 0.9280699491500854,
                    "z": 2.3551473304905812e-07
                },
                {
                    "x": 0.4288689196109772,
                    "y": 0.8625076413154602,
                    "z": -0.006487702019512653
                },
                {
                    "x": 0.45068785548210144,
                    "y": 0.7965185046195984,
                    "z": -0.014812583103775978
                },
                {
                    "x": 0.4731336534023285,
                    "y": 0.7492198348045349,
                    "z": -0.02156909927725792
                },
                {
                    "x": 0.4780704081058502,
                    "y": 0.7060847282409668,
                    "z": -0.02808724343776703
                },
                {
                    "x": 0.4380214810371399,
                    "y": 0.8133385181427002,
                    "z": -0.03291208669543266
                },
                {
                    "x": 0.48162588477134705,
                    "y": 0.7728210687637329,
                    "z": -0.047533705830574036
                },
                {
                    "x": 0.5095545649528503,
                    "y": 0.7664970755577087,
                    "z": -0.05359471216797829
                },
                {
                    "x": 0.5273364186286926,
                    "y": 0.7715244293212891,
                    "z": -0.055725883692502975
                },
                {
                    "x": 0.4463403820991516,
                    "y": 0.8592647910118103,
                    "z": -0.03615013137459755
                },
                {
                    "x": 0.49554646015167236,
                    "y": 0.8219281435012817,
                    "z": -0.04664973169565201
                },
                {
                    "x": 0.5246680974960327,
                    "y": 0.8125962018966675,
                    "z": -0.04753383621573448
                },
                {
                    "x": 0.541043758392334,
                    "y": 0.8129743933677673,
                    "z": -0.049075156450271606
                },
                {
                    "x": 0.45741093158721924,
                    "y": 0.9045370221138,
                    "z": -0.03871434926986694
                },
                {
                    "x": 0.5040131211280823,
                    "y": 0.8701767921447754,
                    "z": -0.04697076231241226
                },
                {
                    "x": 0.530342161655426,
                    "y": 0.8550657629966736,
                    "z": -0.045205630362033844
                },
                {
                    "x": 0.5431843996047974,
                    "y": 0.8487890958786011,
                    "z": -0.044459134340286255
                },
                {
                    "x": 0.4711815416812897,
                    "y": 0.9430561661720276,
                    "z": -0.041433677077293396
                },
                {
                    "x": 0.507282018661499,
                    "y": 0.9126189351081848,
                    "z": -0.04687872901558876
                },
                {
                    "x": 0.5259833335876465,
                    "y": 0.893262505531311,
                    "z": -0.044787872582674026
                },
                {
                    "x": 0.535487174987793,
                    "y": 0.8817857503890991,
                    "z": -0.04335074871778488
                }
            ]
        ]
    },
    {
        "hands": [
            [
                {
                    "x": 0.44099685549736023,
                    "y": 0.8939080834388733,
                    "z": 2.8409496621861763e-07
                },
                {
                    "x": 0.460681676864624,
                    "y": 0.8387880921363831,
                    "z": -0.011613167822360992
                },
                {
                    "x": 0.48808616399765015,
                    "y": 0.8039321899414062,
                    "z": -0.024601226672530174
                },
                {
                    "x": 0.5059500932693481,
                    "y": 0.7861774563789368,
                    "z": -0.036224447190761566
                },
                {
                    "x": 0.5100855231285095,
                    "y": 0.7643114924430847,
                    "z": -0.048494674265384674
                },
                {
                    "x": 0.4665253162384033,
                    "y": 0.8213634490966797,
                    "z": -0.03726205602288246
                },
                {
                    "x": 0.5113061666488647,
                    "y": 0.848254382610321,
                    "z": -0.05659894645214081
                },
                {
                    "x": 0.5391498804092407,
                    "y": 0.867568850517273,
                    "z": -0.06828470528125763
                },
                {
                    "x": 0.5570120811462402,
                    "y": 0.8894479274749756,
                    "z": -0.07471555471420288
                },
                {
                    "x": 0.4573821425437927,
                    "y": 0.8691209554672241,
                    "z": -0.0408184751868248
                },
                {
                    "x": 0.5096642374992371,
                    "y": 0.8910706043243408,
                    "z": -0.05747019872069359
                },
                {
                    "x": 0.5413685441017151,
                    "y": 0.9096631407737732,
                    "z": -0.06356298923492432
                },
                {
                    "x": 0.5610365271568298,
                    "y": 0.9269009828567505,
                    "z": -0.06897938251495361
                },
                {
                    "x": 0.45326143503189087,
                    "y": 0.9136634469032288,
                    "z": -0.04421344771981239
                },
                {
                    "x": 0.5040568709373474,
                    "y": 0.9335614442825317,
                    "z": -0.059935957193374634
                },
                {
                    "x": 0.5343079566955566,
                    "y": 0.9419059753417969,
                    "z": -0.06125884875655174
                },
                {
                    "x": 0.5532541275024414,
                    "y": 0.9515665173530579,
                    "z": -0.06176295131444931
                },
                {
                    "x": 0.45393675565719604,
                    "y": 0.9524955153465271,
                    "z": -0.04824928194284439
                },
                {
                    "x": 0.49255138635635376,
                    "y": 0.9667574763298035,
                    "z": -0.05934855341911316
                },
                {
                    "x": 0.5184208154678345,
                    "y": 0.9660821557044983,
                    "z": -0.05966775864362717
                },
                {
                    "x": 0.5363835692405701,
                    "y": 0.9673235416412354,
                    "z": -0.05991024523973465
                }
            ]
        ]
    }
]