[
    {
        "hands": [
            [
                {
                    "x": 0.5083307027816772,
                    "y": 0.6729992628097534,
                    "z": 2.7581240402696494e-08
                },
                {
                    "x": 0.48135772347450256,
                    "y": 0.6324747204780579,
                    "z": -0.005732378922402859
                },
                {
                    "x": 0.47257986664772034,
                    "y": 0.5728142261505127,
                    "z": -0.006294218823313713
                },
                {
                    "x": 0.4726368188858032,
                    "y": 0.5247277021408081,
                    "z": -0.005954237654805183
                },
                {
                    "x": 0.47304007411003113,
                    "y": 0.48694151639938354,
                    "z": -0.0044971308670938015
                },
                {
                    "x": 0.5110816359519958,
                    "y": 0.5359622836112976,
                    "z": 0.005618964321911335
                },
                {
                    "x": 0.5243220329284668,
                    "y": 0.49143287539482117,
                    "z": 0.009399909526109695
                },
                {
                    "x": 0.5288037657737732,
                    "y": 0.47152963280677795,
                    "z": 0.01040676236152649
                },
                {
                    "x": 0.53062903881073,
                    "y": 0.4613865911960602,
                    "z": 0.011007807217538357
                },
                {
                    "x": 0.5300481915473938,
                    "y": 0.550194263458252,
                    "z": 0.008481013588607311
                },
                {
                    "x": 0.5391383171081543,
                    "y": 0.5047478079795837,
                    "z": 0.015232178382575512
                },
                {
                    "x": 0.5408735275268555,
                    "y": 0.48761802911758423,
                    "z": 0.01648571342229843
                },
                {
                    "x": 0.5419516563415527,
                    "y": 0.48102107644081116,
                    "z": 0.01642467826604843
                },
                {
                    "x": 0.5441471934318542,
                    "y": 0.5688585042953491,
                    "z": 0.010401684790849686
                },
                {
                    "x": 0.5532402992248535,
                    "y": 0.5243552923202515,
                    "z": 0.015484917908906937
                },
                {
                    "x": 0.5540865659713745,
                    "y": 0.5066001415252686,
                    "z": 0.018392182886600494
                },
                {
                    "x": 0.5539444088935852,
                    "y": 0.49939852952957153,
                    "z": 0.01962166838347912
                },
                {
                    "x": 0.5553105473518372,
                    "y": 0.5893499255180359,
                    "z": 0.011687359772622585
                },
                {
                    "x": 0.5613711476325989,
                    "y": 0.5474300384521484,
                    "z": 0.01628376543521881
                },
                {
                    "x": 0.5612792372703552,
                    "y": 0.5309719443321228,
                    "z": 0.021028902381658554
                },
                {
                    "x": 0.5598669052124023,
                    "y": 0.5242664813995361,
                    "z": 0.024453608319163322
                }
            ]
        ]
    },
    {
        "hands": [
            [
                {
                    "x": 0.49282360076904297,
                    "y": 0.6399428844451904,
                    "z": 2.7886130737897474e-07
                },
                {
                    "x": 0.4830295443534851,
                    "y": 0.588254988193512,
                    "z": -0.004006839822977781
                },
                {
                    "x": 0.48107028007507324,
                    "y": 0.5307767987251282,
                    "z": -0.009847650304436684
                },
                {
                    "x": 0.4791833460330963,
                    "y": 0.4843101501464844,
                    "z": -0.01510697416961193
                },
                {
                    "x": 0.47501763701438904,
                    "y": 0.4487631320953369,
                    "z": -0.020831050351262093
                },
                {
                    "x": 0.4968474507331848,
                    "y": 0.5234388709068298,
                    "z": -0.01824101060628891
                },
                {
                    "x": 0.514683723449707,
                    "y": 0.4618365168571472,
                    "z": -0.02839360199868679
                },
                {
                    "x": 0.5272197723388672,
                    "y": 0.42479872703552246,
                    "z": -0.0335979163646698
                },
                {
                    "x": 0.5381800532341003,
                    "y": 0.39765477180480957,
                    "z": -0.03619759529829025
                },
                {
                    "x": 0.5106579661369324,
                    "y": 0.5384551286697388,
                    "z": -0.021831879392266273
                },
                {
                    "x": 0.5301265716552734,
                    "y": 0.47152596712112427,
                    "z": -0.030238047242164612
                },
                {
                    "x": 0.5432268977165222,
                    "y": 0.4280073642730713,
                    "z": -0.034721437841653824
                },
                {
                    "x": 0.5541200637817383,
                    "y": 0.3957882523536682,
                    "z": -0.03769538551568985
                },
                {
                    "x": 0.5243373513221741,
                    "y": 0.5595938563346863,
                    "z": -0.024984853342175484
                },
                {
                    "x": 0.5444046854972839,
                    "y": 0.49760136008262634,
                    "z": -0.0326000414788723
                },
                {
                    "x": 0.5579120516777039,
                    "y": 0.45951324701309204,
                    "z": -0.03626074269413948
                },
                {
                    "x": 0.5691304206848145,
                    "y": 0.43044862151145935,
                    "z": -0.038421232253313065
                },
                {
                    "x": 0.5369642972946167,
                    "y": 0.584609866142273,
                    "z": -0.027915004640817642
                },
                {
                    "x": 0.5524422526359558,
                    "y": 0.5408511161804199,
                    "z": -0.034695129841566086
                },
                {
                    "x": 0.5626273155212402,
                    "y": 0.512794554233551,
                    "z": -0.03647995740175247
                },
                {
                    "x": 0.5717746615409851,
                    "y": 0.48855018615722656,
                    "z": -0.036959148943424225
                }
            ]
        ]
    },
    {
        "hands": [
            [
                {
                    "x": 0.49976620078086853,
                    "y": 0.6127352714538574,
                    "z": 2.5836195050032984e-07
                },
                {
                    "x": 0.48892122507095337,
                    "y": 0.5570924878120422,
                    "z": 0.0003370773629285395
                },
                {
                    "x": 0.48664167523384094,
                    "y": 0.5041314363479614,
                    "z": -0.0028927831444889307
                },
                {
                    "x": 0.4850102961063385,
                    "y": 0.4626167118549347,
                    "z": -0.006512602791190147
                },
                {
                    "x": 0.4800677001476288,
                    "y": 0.4314386248588562,
                    "z": -0.010345867834985256
                },
                {
                    "x": 0.5067106485366821,
                    "y": 0.48209095001220703,
                    "z": -0.0076364269480109215
                },
                {
                    "x": 0.5229695439338684,
                    "y": 0.4256409704685211,
                    "z": -0.014744576998054981
                },
                {
                    "x": 0.5346530079841614,
                    "y": 0.393684983253479,
                    "z": -0.0189067292958498
                },
                {
                    "x": 0.5445378422737122,
                    "y": 0.37046611309051514,
                    "z": -0.02086249180138111
                },
                {
                    "x": 0.5212482213973999,
                    "y": 0.49288520216941833,
                    "z": -0.012296493165194988
                },
                {
                    "x": 0.5398430228233337,
                    "y": 0.4319775104522705,
                    "z": -0.017557037994265556
                },
                {
                    "x": 0.5525932908058167,
                    "y": 0.39416953921318054,
                    "z": -0.021032709628343582
                },
                {
                    "x": 0.5624874234199524,
                    "y": 0.3655734658241272,
                    "z": -0.023218892514705658
                },
                {
                    "x": 0.5351121425628662,
                    "y": 0.5106643438339233,
                    "z": -0.01671328768134117
                },
                {
                    "x": 0.554104745388031,
                    "y": 0.45487263798713684,
                    "z": -0.021629827097058296
                },
                {
                    "x": 0.5668983459472656,
                    "y": 0.4196460545063019,
                    "z": -0.024876054376363754
                },
                {
                    "x": 0.5762624144554138,
                    "y": 0.39293575286865234,
                    "z": -0.026832789182662964
                },
                {
                    "x": 0.5473885536193848,
                    "y": 0.5341671705245972,
                    "z": -0.02073897048830986
                },
                {
                    "x": 0.5639554262161255,
                    "y": 0.49214568734169006,
                    "z": -0.02437027543783188
                },
                {
                    "x": 0.5742454528808594,
                    "y": 0.46642056107521057,
                    "z": -0.02466290071606636
                },
                {
                    "x": 0.5825392007827759,
                    "y": 0.44463515281677246,
                    "z": -0.024192357435822487
                }
            ]
        ]
    },
    {
        "hands": [
            [
                {
                    "x": 0.550430953502655,
                    "y": 0.903163492679596,
                    "z": 4.318621051879745e-07
                },
                {
                    "x": 0.558659017086029,
                    "y": 0.8816035389900208,
                    "z": -0.03549947962164879
                },
                {
                    "x": 0.559810996055603,
                    "y": 0.860488772392273,
                    "z": -0.05727348476648331
                },
                {
                    "x": 0.5577982068061829,
                    "y": 0.8481019139289856,
                    "z": -0.07352066040039062
                },
                {
                    "x": 0.5552170872688293,
                    "y": 0.8530557155609131,
                    "z": -0.08973999321460724
                },
                {
                    "x": 0.5072791576385498,
                    "y": 0.8602989912033081,
                    "z": -0.048061270266771317
                },
                {
                    "x": 0.47584521770477295,
                    "y": 0.8329702615737915,
                    "z": -0.06825745850801468
                },
                {
                    "x": 0.45113858580589294,
                    "y": 0.8096527457237244,
                    "z": -0.08318118005990982
                },
                {
                    "x": 0.43042778968811035,
                    "y": 0.7918744683265686,
                    "z": -0.09243781119585037
                },
                {
                    "x": 0.5014441609382629,
                    "y": 0.8608154058456421,
                    "z": -0.03783492371439934
                },
                {
                    "x": 0.4701243042945862,
                    "y": 0.829258382320404,
                    "z": -0.056362252682447433
                },
                {
                    "x": 0.44504454731941223,
                    "y": 0.8032102584838867,
                    "z": -0.06921130418777466
                },
                {
                    "x": 0.4226554334163666,
                    "y": 0.7803600430488586,
                    "z": -0.07745225727558136
                },
                {
                    "x": 0.4983913004398346,
                    "y": 0.8601889610290527,
                    "z": -0.029250606894493103
                },
                {
                    "x": 0.47109493613243103,
                    "y": 0.8299552798271179,
                    "z": -0.04298219829797745
                },
                {
                    "x": 0.4489603042602539,
                    "y": 0.8057520389556885,
                    "z": -0.05113651230931282
                },
                {
                    "x": 0.42931023240089417,
                    "y": 0.783432126045227,
                    "z": -0.05566926673054695
                },
                {
                    "x": 0.49657559394836426,
                    "y": 0.8604263067245483,
                    "z": -0.02351069077849388
                },
                {
                    "x": 0.47543901205062866,
                    "y": 0.8348016738891602,
                    "z": -0.032087355852127075
                },
                {
                    "x": 0.45830005407333374,
                    "y": 0.8142996430397034,
                    "z": -0.03621914982795715
                },
                {
                    "x": 0.443647563457489,
                    "y": 0.7949917912483215,
                    "z": -0.038642846047878265
                }
            ],
            [
                {
                    "x": 0.5099909901618958,
                    "y": 0.6042471528053284,
                    "z": 1.8909688037638261e-07
                },
                {
                    "x": 0.4952113628387451,
                    "y": 0.5552636384963989,
                    "z": -0.0020988567266613245
                },
                {
                    "x": 0.4900416135787964,
                    "y": 0.5005130767822266,
                    "z": -0.006476267706602812
                },
                {
                    "x": 0.48800724744796753,
                    "y": 0.4571070075035095,
                    "z": -0.010840274393558502
                },
                {
                    "x": 0.4805407226085663,
                    "y": 0.4264569878578186,
                    "z": -0.015508964657783508
                },
                {
                    "x": 0.515470027923584,
                    "y": 0.4743821322917938,
                    "z": -0.011842719279229641
                },
                {
                    "x": 0.5316541194915771,
                    "y": 0.416376531124115,
                    "z": -0.01928822696208954
                },
                {
                    "x": 0.5432290434837341,
                    "y": 0.3860898017883301,
                    "z": -0.023569945245981216
                },
                {
                    "x": 0.552940309047699,
                    "y": 0.36338216066360474,
                    "z": -0.025805743411183357
                },
                {
                    "x": 0.5311028361320496,
                    "y": 0.4863450825214386,
                    "z": -0.015474177896976471
                },
                {
                    "x": 0.5480506420135498,
                    "y": 0.423173189163208,
                    "z": -0.02100825123488903
                },
                {
                    "x": 0.5596340298652649,
                    "y": 0.3862319886684418,
                    "z": -0.024230938404798508
                },
                {
                    "x": 0.5679875612258911,
                    "y": 0.3584657907485962,
                    "z": -0.026501836255192757
                },
                {
                    "x": 0.5452194213867188,
                    "y": 0.5054734349250793,
                    "z": -0.01889590546488762
                },
                {
                    "x": 0.5620782375335693,
                    "y": 0.4476702809333801,
                    "z": -0.023815596476197243
                },
                {
                    "x": 0.5728259682655334,
                    "y": 0.4137234389781952,
                    "z": -0.02628806233406067
                },
                {
                    "x": 0.5804147124290466,
                    "y": 0.3871701955795288,
                    "z": -0.027985412627458572
                },
                {
                    "x": 0.557723879814148,
                    "y": 0.5293945670127869,
                    "z": -0.022247731685638428
                },
                {
                    "x": 0.5727850198745728,
                    "y": 0.484165757894516,
                    "z": -0.02614768035709858
                },
                {
                    "x": 0.5816745758056641,
                    "y": 0.45831868052482605,
                    "z": -0.026498666033148766
                },
                {
                    "x": 0.5885553956031799,
                    "y": 0.4359486997127533,
                    "z": -0.02627004310488701
                }
            ]
        ]
    },
    {
        "hands": [
            [
                {
                    "x": 0.5520803928375244,
                    "y": 0.8803173899650574,
                    "z": 3.8677939073750167e-07
                },
                {
                    "x": 0.5624340772628784,
                    "y": 0.8566202521324158,
                    "z": -0.03312964737415314
                },
                {
                    "x": 0.5644382238388062,
                    "y": 0.8323388695716858,
                    "z": -0.052999090403318405
                },
                {
                    "x": 0.561071515083313,
                    "y": 0.8123809695243835,
                    "z": -0.06760215014219284
                },
                {
                    "x": 0.5604515075683594,
                    "y": 0.7954789400100708,
                    "z": -0.08184827864170074
                },
                {
                    "x": 0.5123721361160278,
                    "y": 0.8167940974235535,
                    "z": -0.045404333621263504
                },
                {
                    "x": 0.4836842715740204,
                    "y": 0.7829599976539612,
                    "z": -0.06393738836050034
                },
                {
                    "x": 0.46065422892570496,
                    "y": 0.7597191333770752,
                    "z": -0.07689570635557175
                },
                {
                    "x": 0.44135987758636475,
                    "y": 0.7405951023101807,
                    "z": -0.08489551395177841
                },
                {
                    "x": 0.5023862719535828,
                    "y": 0.8203151226043701,
                    "z": -0.03509373962879181
                },
                {
                    "x": 0.47285932302474976,
                    "y": 0.7850340008735657,
                    "z": -0.052507370710372925
                },
                {
                    "x": 0.4495188295841217,
                    "y": 0.7586307525634766,
                    "z": -0.06341865658760071
                },
                {
                    "x": 0.42944103479385376,
                    "y": 0.7348231077194214,
                    "z": -0.06989283114671707
                },
                {
                    "x": 0.4972466230392456,
                    "y": 0.821548581123352,
                    "z": -0.025976935401558876
                },
                {
                    "x": 0.4711856544017792,
                    "y": 0.7885587215423584,
                    "z": -0.03944473713636398
                },
                {
                    "x": 0.4515629708766937,
                    "y": 0.7642892003059387,
                    "z": -0.04661203548312187
                },
                {
                    "x": 0.43512651324272156,
                    "y": 0.7416475415229797,
                    "z": -0.050064317882061005
                },
                {
                    "x": 0.49563002586364746,
                    "y": 0.8237254619598389,
                    "z": -0.019384050741791725
                },
                {
                    "x": 0.4761313199996948,
                    "y": 0.7931826114654541,
                    "z": -0.027925916016101837
                },
                {
                    "x": 0.46125170588493347,
                    "y": 0.7717137336730957,
                    "z": -0.0314113013446331
                },
                {
                    "x": 0.4490089416503906,
                    "y": 0.7517977952957153,
                    "z": -0.032852206379175186
                }
            ],
            [
                {
                    "x": 0.5097872018814087,
                    "y": 0.632324755191803,
                    "z": 1.5665894181893236e-07
                },
                {
                    "x": 0.4957418143749237,
                    "y": 0.580851137638092,
                    "z": -0.0026500870008021593
                },
                {
                    "x": 0.4887257218360901,
                    "y": 0.5223408341407776,
                    "z": -0.008372155018150806
                },
                {
                    "x": 0.4826737642288208,
                    "y": 0.47905200719833374,
                    "z": -0.014098051935434341
                },
                {
                    "x": 0.4753548204898834,
                    "y": 0.44740450382232666,
                    "z": -0.02046678587794304
                },
                {
                    "x": 0.5105465054512024,
                    "y": 0.5066466927528381,
                    "z": -0.018237700685858727
                },
                {
                    "x": 0.52704256772995,
                    "y": 0.44162237644195557,
                    "z": -0.02904796227812767
                },
                {
                    "x": 0.5382814407348633,
                    "y": 0.4050483703613281,
                    "z": -0.03435644879937172
                },
                {
                    "x": 0.5475276112556458,
                    "y": 0.37761539220809937,
                    "z": -0.03697178512811661
                },
                {
                    "x": 0.5263141989707947,
                    "y": 0.5222570896148682,
                    "z": -0.023144157603383064
                },
                {
                    "x": 0.5447895526885986,
                    "y": 0.4510021209716797,
                    "z": -0.032909221947193146
                },
                {
                    "x": 0.5574913620948792,
                    "y": 0.40820983052253723,
                    "z": -0.0374768041074276
                },
                {
                    "x": 0.5672268271446228,
                    "y": 0.3760874271392822,
                    "z": -0.04024787247180939
                },
                {
                    "x": 0.5412667989730835,
                    "y": 0.5426221489906311,
                    "z": -0.02770201489329338
                },
                {
                    "x": 0.5597954392433167,
                    "y": 0.47596195340156555,
                    "z": -0.03626890480518341
                },
                {
                    "x": 0.5713722109794617,
                    "y": 0.43502020835876465,
                    "z": -0.04006054252386093
                },
                {
                    "x": 0.5793993473052979,
                    "y": 0.4030780792236328,
                    "z": -0.04212304577231407
                },
                {
                    "x": 0.5552794337272644,
                    "y": 0.5652827024459839,
                    "z": -0.032001350075006485
                },
                {
                    "x": 0.5705426931381226,
                    "y": 0.5128050446510315,
                    "z": -0.03906149044632912
                },
                {
                    "x": 0.5797311067581177,
                    "y": 0.48037275671958923,
                    "z": -0.04108015447854996
                },
                {
                    "x": 0.586945652961731,
                    "y": 0.4525868892669678,
                    "z": -0.04180680587887764
                }
            ]
        ]
    },
    {
        "hands": [
            [
                {
                    "x": 0.545040488243103,
                    "y": 0.8522173762321472,
                    "z": 3.92574179386429e-07
                },
                {
                    "x": 0.5619342923164368,
                    "y": 0.8195176124572754,
                    "z": -0.03226163238286972
                },
                {
                    "x": 0.5671762228012085,
                    "y": 0.7925599813461304,
                    "z": -0.05212784186005592
                },
                {
                    "x": 0.5645248889923096,
                    "y": 0.7713204026222229,
                    "z": -0.066734179854393
                },
                {
                    "x": 0.5660486817359924,
                    "y": 0.751695990562439,
                    "z": -0.0806308165192604
                },
                {
                    "x": 0.5118222832679749,
                    "y": 0.7801688313484192,
                    "z": -0.046146221458911896
                },
                {
                    "x": 0.48527222871780396,
                    "y": 0.7424007058143616,
                    "z": -0.06345852464437485
                },
                {
                    "x": 0.46340030431747437,
                    "y": 0.7194323539733887,
                    "z": -0.07490827888250351
                },
                {
                    "x": 0.4441119134426117,
                    "y": 0.7007393836975098,
                    "z": -0.08210770040750504
                },
                {
                    "x": 0.4959943890571594,
                    "y": 0.7961423993110657,
                    "z": -0.036399658769369125
                },
                {
                    "x": 0.4666959047317505,
                    "y": 0.7561649084091187,
                    "z": -0.052153244614601135
                },
                {
                    "x": 0.44485265016555786,
                    "y": 0.7269713878631592,
                    "z": -0.061224713921546936
                },
                {
                    "x": 0.4269433915615082,
                    "y": 0.7009198069572449,
                    "z": -0.06680449098348618
                },
                {
                    "x": 0.487451434135437,
                    "y": 0.8048943877220154,
                    "z": -0.027645092457532883
                },
                {
                    "x": 0.4618751108646393,
                    "y": 0.7661852240562439,
                    "z": -0.03928643465042114
                },
                {
                    "x": 0.4443567395210266,
                    "y": 0.7382004261016846,
                    "z": -0.0452076755464077
                },
                {
                    "x": 0.431034654378891,
                    "y": 0.7139530181884766,
                    "z": -0.04824167117476463
                },
                {
                    "x": 0.48467114567756653,
                    "y": 0.8092784881591797,
                    "z": -0.021450376138091087
                },
                {
                    "x": 0.46470117568969727,
                    "y": 0.7761955857276917,
                    "z": -0.02885865606367588
                },
                {
                    "x": 0.45117849111557007,
                    "y": 0.7529329657554626,
                    "z": -0.03171231970191002
                },
                {
                    "x": 0.440847247838974,
                    "y": 0.7322247624397278,
                    "z": -0.03289163112640381
                }
            ],
            [
                {
                    "x": 0.5131795406341553,
                    "y": 0.6733940839767456,
                    "z": 1.5495515981456265e-07
                },
                {
                    "x": 0.4940181076526642,
                    "y": 0.6270021200180054,
                    "z": -0.0036906315945088863
                },
                {
                    "x": 0.4827122986316681,
                    "y": 0.5716644525527954,
                    "z": -0.011355257593095303
                },
                {
                    "x": 0.475064754486084,
                    "y": 0.5256514549255371,
                    "z": -0.0183310154825449
                },
                {
                    "x": 0.4707450866699219,
                    "y": 0.4915989637374878,
                    "z": -0.025704605504870415
                },
                {
                    "x": 0.5067474842071533,
                    "y": 0.5542486906051636,
                    "z": -0.02310766465961933
                },
                {
                    "x": 0.5245684385299683,
                    "y": 0.4879544675350189,
                    "z": -0.0329681895673275
                },
                {
                    "x": 0.5365229845046997,
                    "y": 0.4528803527355194,
                    "z": -0.036881837993860245
                },
                {
                    "x": 0.5454427003860474,
                    "y": 0.42863717675209045,
                    "z": -0.03812837973237038
                },
                {
                    "x": 0.5253527164459229,
                    "y": 0.5692406892776489,
                    "z": -0.02577551081776619
                },
                {
                    "x": 0.5426902174949646,
                    "y": 0.49407628178596497,
                    "z": -0.03321146219968796
                },
                {
                    "x": 0.5532732605934143,
                    "y": 0.4522739350795746,
                    "z": -0.0343649759888649
                },
                {
                    "x": 0.560701847076416,
                    "y": 0.4245781898498535,
                    "z": -0.03459518030285835
                },
                {
                    "x": 0.541990339756012,
                    "y": 0.5895646810531616,
                    "z": -0.027635613456368446
                },
                {
                    "x": 0.5562835335731506,
                    "y": 0.5183894038200378,
                    "z": -0.033008042722940445
                },
                {
                    "x": 0.5637781620025635,
                    "y": 0.4783802628517151,
                    "z": -0.032458264380693436
                },
                {
                    "x": 0.568119466304779,
                    "y": 0.4518289566040039,
                    "z": -0.03164835646748543
                },
                {
                    "x": 0.5570402145385742,
                    "y": 0.6119634509086609,
                    "z": -0.029230939224362373
                },
                {
                    "x": 0.5676698088645935,
                    "y": 0.5607180595397949,
                    "z": -0.033260833472013474
                },
                {
                    "x": 0.572440505027771,
                    "y": 0.529485285282135,
                    "z": -0.031732115894556046
                },
                {
                    "x": 0.574170708656311,
                    "y": 0.5049329400062561,
                    "z": -0.029608627781271935
                }
            ]
        ]
    },
    {
        "hands": [
            [
                {
                    "x": 0.5446881055831909,
                    "y": 0.8254727125167847,
                    "z": 3.8105727639958786e-07
                },
                {
                    "x": 0.5631952285766602,
                    "y": 0.7907899618148804,
                    "z": -0.03044319339096546
                },
                {
                    "x": 0.5692047476768494,
                    "y": 0.761559784412384,
                    "z": -0.05037693679332733
                },
                {
                    "x": 0.5681843161582947,
                    "y": 0.7388139367103577,
                    "z": -0.06577940285205841
                },
                {
                    "x": 0.5717289447784424,
                    "y": 0.7182863354682922,
                    "z": -0.08078945428133011
                },
                {
                    "x": 0.513174295425415,
                    "y": 0.7408438920974731,
                    "z": -0.044489502906799316
                },
                {
                    "x": 0.48691752552986145,
                    "y": 0.7023933529853821,
                    "z": -0.062422093003988266
                },
                {
                    "x": 0.46819964051246643,
                    "y": 0.6788541078567505,
                    "z": -0.07426876574754715
                },
                {
                    "x": 0.4514050781726837,
                    "y": 0.6584671139717102,
                    "z": -0.0819341391324997
                },
                {
                    "x": 0.4964814782142639,
                    "y": 0.7566752433776855,
                    "z": -0.036980919539928436
                },
                {
                    "x": 0.4679940342903137,
                    "y": 0.7150375247001648,
                    "z": -0.054052311927080154
                },
                {
                    "x": 0.4467565715312958,
                    "y": 0.6852121949195862,
                    "z": -0.06449855864048004
                },
                {
                    "x": 0.42890459299087524,
                    "y": 0.6579896807670593,
                    "z": -0.07121578603982925
                },
                {
                    "x": 0.4873160123825073,
                    "y": 0.7695021033287048,
                    "z": -0.030615530908107758
                },
                {
                    "x": 0.461673378944397,
                    "y": 0.7278078198432922,
                    "z": -0.0440276563167572
                },
                {
                    "x": 0.44345590472221375,
                    "y": 0.6994448304176331,
                    "z": -0.05197659879922867
                },
                {
                    "x": 0.4286886751651764,
                    "y": 0.6744013428688049,
                    "z": -0.056466974318027496
                },
                {
                    "x": 0.4843645393848419,
                    "y": 0.7786114811897278,
                    "z": -0.02657206729054451
                },
                {
                    "x": 0.4647136628627777,
                    "y": 0.7433013319969177,
                    "z": -0.035721685737371445
                },
                {
                    "x": 0.45005905628204346,
                    "y": 0.7209324836730957,
                    "z": -0.04029823839664459
                },
                {
                    "x": 0.43827879428863525,
                    "y": 0.7013208866119385,
                    "z": -0.042832981795072556
                }
            ]
        ]
    },
    {
        "hands": [
            [
                {
                    "x": 0.5469528436660767,
                    "y": 0.8316391706466675,
                    "z": 4.0061246409095475e-07
                },
                {
                    "x": 0.5669017434120178,
                    "y": 0.7849361896514893,
                    "z": -0.030665015801787376
                },
                {
                    "x": 0.572325587272644,
                    "y": 0.7469707131385803,
                    "z": -0.05105748772621155
                },
                {
                    "x": 0.5722656846046448,
                    "y": 0.7126099467277527,
                    "z": -0.066103495657444
                },
                {
                    "x": 0.5770261287689209,
                    "y": 0.6850664019584656,
                    "z": -0.08073549717664719
                },
                {
                    "x": 0.5166333317756653,
                    "y": 0.7425007224082947,
                    "z": -0.04821895807981491
                },
                {
                    "x": 0.4871494174003601,
                    "y": 0.6972551941871643,
                    "z": -0.06489862501621246
                },
                {
                    "x": 0.46743980050086975,
                    "y": 0.6690381169319153,
                    "z": -0.07517421245574951
                },
                {
                    "x": 0.4503488540649414,
                    "y": 0.6474130153656006,
                    "z": -0.08168981969356537
                },
                {
                    "x": 0.4995173513889313,
                    "y": 0.7649844884872437,
                    "z": -0.03960126265883446
                },
                {
                    "x": 0.469490647315979,
                    "y": 0.7122201919555664,
                    "z": -0.05515272915363312
                },
                {
                    "x": 0.4503341317176819,
                    "y": 0.6745813488960266,
                    "z": -0.06350304931402206
                },
                {
                    "x": 0.4357062578201294,
                    "y": 0.644761860370636,
                    "z": -0.06889776885509491
                },
                {
                    "x": 0.489530473947525,
                    "y": 0.7814316749572754,
                    "z": -0.03177279233932495
                },
                {
                    "x": 0.4613990783691406,
                    "y": 0.7306220531463623,
                    "z": -0.04310031980276108
                },
                {
                    "x": 0.44447392225265503,
                    "y": 0.6961682438850403,
                    "z": -0.04916125163435936
                },
                {
                    "x": 0.4322187006473541,
                    "y": 0.6680710911750793,
                    "z": -0.052785929292440414
                },
                {
                    "x": 0.4843977689743042,
                    "y": 0.7920518517494202,
                    "z": -0.026204513385891914
                },
                {
                    "x": 0.4617044925689697,
                    "y": 0.7515365481376648,
                    "z": -0.03428119793534279
                },
                {
                    "x": 0.4480069875717163,
                    "y": 0.7240725159645081,
                    "z": -0.03822232782840729
                },
                {
                    "x": 0.4382373094558716,
                    "y": 0.7008751630783081,
                    "z": -0.04049832001328468
                }
            ]
        ]
    },
    {
        "hands": [
            [
                {
                    "x": 0.5503952503204346,
                    "y": 0.8451746106147766,
                    "z": 4.2789952203747816e-07
                },
                {
                    "x": 0.5677476525306702,
                    "y": 0.8007376194000244,
                    "z": -0.03703717514872551
                },
                {
                    "x": 0.5719283819198608,
                    "y": 0.7664185762405396,
                    "z": -0.06002214550971985
                },
                {
                    "x": 0.569335401058197,
                    "y": 0.7348107099533081,
                    "z": -0.07613705843687057
                },
                {
                    "x": 0.5679431557655334,
                    "y": 0.7089241147041321,
                    "z": -0.09145055711269379
                },
                {
                    "x": 0.5162220001220703,
                    "y": 0.7629445791244507,
                    "z": -0.057437099516391754
                },
                {
                    "x": 0.4817200005054474,
                    "y": 0.7174672484397888,
                    "z": -0.07569797337055206
                },
                {
                    "x": 0.4585433602333069,
                    "y": 0.689050018787384,
                    "z": -0.08634072542190552
                },
                {
                    "x": 0.43804991245269775,
                    "y": 0.667838454246521,
                    "z": -0.09282030165195465
                },
                {
                    "x": 0.49899280071258545,
                    "y": 0.7858149409294128,
                    "z": -0.04544777050614357
                },
                {
                    "x": 0.465375691652298,
                    "y": 0.7347588539123535,
                    "z": -0.06232859194278717
                },
                {
                    "x": 0.4427531063556671,
                    "y": 0.6987024545669556,
                    "z": -0.0711519792675972
                },
                {
                    "x": 0.4246288537979126,
                    "y": 0.6722242832183838,
                    "z": -0.07687464356422424
                },
                {
                    "x": 0.48952051997184753,
                    "y": 0.8016910552978516,
                    "z": -0.03435608744621277
                },
                {
                    "x": 0.45956501364707947,
                    "y": 0.7529005408287048,
                    "z": -0.046786677092313766
                },
                {
                    "x": 0.4400293231010437,
                    "y": 0.720565915107727,
                    "z": -0.05381515249609947
                },
                {
                    "x": 0.42465564608573914,
                    "y": 0.6947086453437805,
                    "z": -0.05818924307823181
                },
                {
                    "x": 0.4846093952655792,
                    "y": 0.8112903833389282,
                    "z": -0.02591693215072155
                },
                {
                    "x": 0.461217999458313,
                    "y": 0.7728168964385986,
                    "z": -0.03545589745044708
                },
                {
                    "x": 0.44615426659584045,
                    "y": 0.7459339499473572,
                    "z": -0.040793586522340775
                },
                {
                    "x": 0.4344485402107239,
                    "y": 0.7224569320678711,
                    "z": -0.0440523661673069
                }
            ]
        ]
    },
    {
        "hands": [
            [
                {
                    "x": 0.5518331527709961,
                    "y": 0.8490042686462402,
                    "z": 4.204071046842728e-07
                },
                {
                    "x": 0.5685922503471375,
                    "y": 0.8000226020812988,
                    "z": -0.029567649587988853
                },
                {
                    "x": 0.5712189674377441,
                    "y": 0.7624178528785706,
                    "z": -0.048460476100444794
                },
                {
                    "x": 0.5650750994682312,
                    "y": 0.7316348552703857,
                    "z": -0.06141660735011101
                },
                {
                    "x": 0.5546956658363342,
                    "y": 0.7108123898506165,
                    "z": -0.07343775779008865
                },
                {
                    "x": 0.5156714916229248,
                    "y": 0.7698556780815125,
                    "z": -0.04968762397766113
                },
                {
                    "x": 0.48178452253341675,
                    "y": 0.7257828712463379,
                    "z": -0.0657835528254509
                },
                {
                    "x": 0.46096569299697876,
                    "y": 0.698922872543335,
                    "z": -0.07441546022891998
                },
                {
                    "x": 0.44253966212272644,
                    "y": 0.6784418821334839,
                    "z": -0.07918929308652878
                },
                {
                    "x": 0.49905529618263245,
                    "y": 0.7941364645957947,
                    "z": -0.04026748985052109
                },
                {
                    "x": 0.4651992619037628,
                    "y": 0.7385981678962708,
                    "z": -0.055548738688230515
                },
                {
                    "x": 0.44340378046035767,
                    "y": 0.6998735070228577,
                    "z": -0.0623827688395977
                },
                {
                    "x": 0.4266853332519531,
                    "y": 0.6698576807975769,
                    "z": -0.06629486382007599
                },
                {
                    "x": 0.4894883930683136,
                    "y": 0.810417890548706,
                    "z": -0.03122943639755249
                },
                {
                    "x": 0.4583466053009033,
                    "y": 0.7596440315246582,
                    "z": -0.04191692918539047
                },
                {
                    "x": 0.44020724296569824,
                    "y": 0.7248173356056213,
                    "z": -0.04643664509057999
                },
                {
                    "x": 0.42713677883148193,
                    "y": 0.696186363697052,
                    "z": -0.04876447096467018
                },
                {
                    "x": 0.4852488338947296,
                    "y": 0.8203742504119873,
                    "z": -0.024245545268058777
                },
                {
                    "x": 0.4620775580406189,
                    "y": 0.7786215543746948,
                    "z": -0.03141351416707039
                },
                {
                    "x": 0.44849297404289246,
                    "y": 0.7492891550064087,
                    "z": -0.03405524417757988
                },
                {
                    "x": 0.43912097811698914,
                    "y": 0.7236422896385193,
                    "z": -0.03516364097595215
                }
            ]
        ]
    },
    {
        "hands": [
            [
                {
                    "x": 0.5550739169120789,
                    "y": 0.8558436632156372,
                    "z": 4.3180352804483846e-07
                },
                {
                    "x": 0.5713362693786621,
                    "y": 0.8078294992446899,
                    "z": -0.02836492471396923
                },
                {
                    "x": 0.5740839838981628,
                    "y": 0.7686601877212524,
                    "z": -0.04744871333241463
                },
                {
                    "x": 0.568705141544342,
                    "y": 0.7322710156440735,
                    "z": -0.06074113771319389
                },
                {
                    "x": 0.5586743354797363,
                    "y": 0.7101129293441772,
                    "z": -0.0731956884264946
                },
                {
                    "x": 0.5197763442993164,
                    "y": 0.7781004309654236,
                    "z": -0.05114617943763733
                },
                {
                    "x": 0.485065758228302,
                    "y": 0.7304343581199646,
                    "z": -0.06786103546619415
                },
                {
                    "x": 0.4645601809024811,
                    "y": 0.7008998990058899,
                    "z": -0.07625938206911087
                },
                {
                    "x": 0.4468096196651459,
                    "y": 0.6787949800491333,
                    "z": -0.08065692335367203
                },
                {
                    "x": 0.5024746060371399,
                    "y": 0.8024236559867859,
                    "z": -0.04244696721434593
                },
                {
                    "x": 0.4672664701938629,
                    "y": 0.7418724298477173,
                    "z": -0.05822300910949707
                },
                {
                    "x": 0.4463620185852051,
                    "y": 0.7002435326576233,
                    "z": -0.06462278217077255
                },
                {
                    "x": 0.43079936504364014,
                    "y": 0.6683139801025391,
                    "z": -0.06805656850337982
                },
                {
                    "x": 0.4926433563232422,
                    "y": 0.8188459277153015,
                    "z": -0.03387586399912834
                },
                {
                    "x": 0.4609242081642151,
                    "y": 0.764943540096283,
                    "z": -0.04443570598959923
                },
                {
                    "x": 0.44334349036216736,
                    "y": 0.728005588054657,
                    "z": -0.048383928835392
                },
                {
                    "x": 0.43125462532043457,
                    "y": 0.6975860595703125,
                    "z": -0.05027291551232338
                },
                {
                    "x": 0.4884711503982544,
                    "y": 0.8289716243743896,
                    "z": -0.02725926600396633
                },
                {
                    "x": 0.4634661078453064,
                    "y": 0.7854403853416443,
                    "z": -0.034055985510349274
                },
                {
                    "x": 0.4493216872215271,
                    "y": 0.7550217509269714,
                    "z": -0.03632897511124611
                },
                {
                    "x": 0.439738929271698,
                    "y": 0.7280844449996948,
                    "z": -0.037149421870708466
                }
            ]
        ]
    },
    {
        "hands": [
            [
                {
                    "x": 0.5493053793907166,
                    "y": 0.8830268383026123,
                    "z": 4.518923617524706e-07
                },
                {
                    "x": 0.5658837556838989,
                    "y": 0.8319240212440491,
                    "z": -0.032597243785858154
                },
                {
                    "x": 0.5677326321601868,
                    "y": 0.7878475785255432,
                    "z": -0.052812475711107254
                },
                {
                    "x": 0.556219756603241,
                    "y": 0.7636765837669373,
                    "z": -0.06646447628736496
                },
                {
                    "x": 0.5416497588157654,
                    "y": 0.7643800377845764,
                    "z": -0.07925896346569061
                },
                {
                    "x": 0.515911877155304,
                    "y": 0.8099508285522461,
                    "z": -0.055607397109270096
                },
                {
                    "x": 0.4824911057949066,
                    "y": 0.7619637250900269,
                    "z": -0.07482986897230148
                },
                {
                    "x": 0.46247628331184387,
                    "y": 0.7270767092704773,
                    "z": -0.08553827553987503
                },
                {
                    "x": 0.44581735134124756,
                    "y": 0.6980759501457214,
                    "z": -0.09121786057949066
                },
                {
                    "x": 0.4979286193847656,
                    "y": 0.8328866958618164,
                    "z": -0.04551336169242859
                },
                {
                    "x": 0.4632831811904907,
                    "y": 0.7740726470947266,
                    "z": -0.06192120909690857
                },
                {
                    "x": 0.4438311457633972,
                    "y": 0.7300642132759094,
                    "z": -0.06919955462217331
                },
                {
                    "x": 0.4303816854953766,
                    "y": 0.6956469416618347,
                    "z": -0.07341591268777847
                },
                {
                    "x": 0.4869866967201233,
                    "y": 0.8458326458930969,
                    "z": -0.03595184162259102
                },
                {
                    "x": 0.45578238368034363,
                    "y": 0.7914764285087585,
                    "z": -0.04761264845728874
                },
                {
                    "x": 0.44010239839553833,
                    "y": 0.7507032752037048,
                    "z": -0.05252678692340851
                },
                {
                    "x": 0.4304480254650116,
                    "y": 0.7169233560562134,
                    "z": -0.055290404707193375
                },
                {
                    "x": 0.4803692698478699,
                    "y": 0.8537148833274841,
                    "z": -0.028781795874238014
                },
                {
                    "x": 0.4558250606060028,
                    "y": 0.8123459219932556,
                    "z": -0.037217240780591965
                },
                {
                    "x": 0.4426974952220917,
                    "y": 0.7830454707145691,
                    "z": -0.04075760766863823
                },
                {
                    "x": 0.4334433674812317,
                    "y": 0.7567254304885864,
                    "z": -0.04261699691414833
                }
            ]
        ]
    },
    {
        "hands": [
            [
                {
                    "x": 0.5499404668807983,
                    "y": 0.9013516306877136,
                    "z": 4.3729670551329036e-07
                },
                {
                    "x": 0.5567600131034851,
                    "y": 0.841699481010437,
                    "z": -0.031079178676009178
                },
                {
                    "x": 0.5452509522438049,
                    "y": 0.7755210995674133,
                    "z": -0.04712614417076111
                },
                {
                    "x": 0.5229505896568298,
                    "y": 0.7426702380180359,
                    "z": -0.05683248117566109
                },
                {
                    "x": 0.5059056282043457,
                    "y": 0.7388443350791931,
                    "z": -0.06483035534620285
                },
                {
                    "x": 0.5089299082756042,
                    "y": 0.8338958621025085,
                    "z": -0.04746447131037712
                },
                {
                    "x": 0.4740857183933258,
                    "y": 0.7910722494125366,
                    "z": -0.06471171975135803
                },
                {
                    "x": 0.4526269733905792,
                    "y": 0.7585281133651733,
                    "z": -0.07322201877832413
                },
                {
                    "x": 0.4374768137931824,
                    "y": 0.7282854318618774,
                    "z": -0.07737365365028381
                },
                {
                    "x": 0.49349308013916016,
                    "y": 0.8587427735328674,
                    "z": -0.03701700642704964
                },
                {
                    "x": 0.4594719111919403,
                    "y": 0.8064430952072144,
                    "z": -0.053835973143577576
                },
                {
                    "x": 0.4417727291584015,
                    "y": 0.7699400186538696,
                    "z": -0.058745868504047394
                },
                {
                    "x": 0.4307957589626312,
                    "y": 0.7409777045249939,
                    "z": -0.06047709286212921
                },
                {
                    "x": 0.4852251708507538,
                    "y": 0.8730829954147339,
                    "z": -0.027629990130662918
                },
                {
                    "x": 0.46648237109184265,
                    "y": 0.8014310598373413,
                    "z": -0.044069938361644745
                },
                {
                    "x": 0.4748884439468384,
                    "y": 0.7872360944747925,
                    "z": -0.044186823070049286
                },
                {
                    "x": 0.4842095673084259,
                    "y": 0.7880159616470337,
                    "z": -0.04045351594686508
                },
                {
                    "x": 0.4812620282173157,
                    "y": 0.8805756568908691,
                    "z": -0.020490737631917
                },
                {
                    "x": 0.4668964147567749,
                    "y": 0.8258510828018188,
                    "z": -0.031531959772109985
                },
                {
                    "x": 0.4705992341041565,
                    "y": 0.811288058757782,
                    "z": -0.0321015939116478
                },
                {
                    "x": 0.47525641322135925,
                    "y": 0.8096503615379333,
                    "z": -0.030069878324866295
                }
            ]
        ]
    },
    {
        "hands": [
            [
                {
                    "x": 0.5428411364555359,
                    "y": 0.9142134785652161,
                    "z": 3.111808837275021e-07
                },
                {
                    "x": 0.5247071981430054,
                    "y": 0.8617719411849976,
                    "z": -0.0068450444377958775
                },
                {
                    "x": 0.5037568211555481,
                    "y": 0.8051352500915527,
                    "z": -0.015014689415693283
                },
                {
                    "x": 0.49350717663764954,
                    "y": 0.7580985426902771,
                    "z": -0.023153502494096756
                },
                {
                    "x": 0.4871899485588074,
                    "y": 0.7185832262039185,
                    "z": -0.03165316581726074
                },
                {
                    "x": 0.4764862060546875,
                    "y": 0.850945770740509,
                    "z": -0.02178220823407173
                },
                {
                    "x": 0.4543640911579132,
                    "y": 0.8235941529273987,
                    "z": -0.03746971860527992
                },
                {
                    "x": 0.44078150391578674,
                    "y": 0.794529378414154,
                    "z": -0.04783988371491432
                },
                {
                    "x": 0.432294100522995,
                    "y": 0.7695186138153076,
                    "z": -0.05402648076415062
                },
                {
                    "x": 0.4819768965244293,
                    "y": 0.8657913208007812,
                    "z": -0.026293424889445305
                },
                {
                    "x": 0.46691301465034485,
                    "y": 0.8172553181648254,
                    "z": -0.03932594507932663
                },
                {
                    "x": 0.4573611617088318,
                    "y": 0.7897433042526245,
                    "z": -0.044560957700014114
                },
                {
                    "x": 0.45092564821243286,
                    "y": 0.771355152130127,
                    "z": -0.048167698085308075
                },
                {
                    "x": 0.49443715810775757,
                    "y": 0.8767476081848145,
                    "z": -0.031263142824172974
                },
                {
                    "x": 0.4943031668663025,
                    "y": 0.8200079798698425,
                    "z": -0.04260203242301941
                },
                {
                    "x": 0.49371474981307983,
                    "y": 0.8048189282417297,
                    "z": -0.04158932343125343
                },
                {
                    "x": 0.49329137802124023,
                    "y": 0.7983940243721008,
                    "z": -0.040213730186223984
                },
                {
                    "x": 0.5119473934173584,
                    "y": 0.8864874839782715,
                    "z": -0.037202563136816025
                },
                {
                    "x": 0.5171059370040894,
                    "y": 0.8407139182090759,
                    "z": -0.04352250322699547
                },
                {
                    "x": 0.5185116529464722,
                    "y": 0.8280758261680603,
                    "z": -0.041348639875650406
                },
                {
                    "x": 0.5205021500587463,
                    "y": 0.8232583999633789,
                    "z": -0.039335280656814575
                }
            ]
        ]
    }
]