[
    {
        "hands": [
            [
                {
                    "x": 0.44168025255203247,
                    "y": 0.938530683517456,
                    "z": 9.95070137399523e-10
                },
                {
                    "x": 0.44578471779823303,
                    "y": 0.9064686298370361,
                    "z": -0.015613563358783722
                },
                {
                    "x": 0.45081639289855957,
                    "y": 0.8728109002113342,
                    "z": -0.02535312809050083
                },
                {
                    "x": 0.4539005160331726,
                    "y": 0.8431633114814758,
                    "z": -0.03335786983370781
                },
                {
                    "x": 0.4525184631347656,
                    "y": 0.8154415488243103,
                    "z": -0.03999948501586914
                },
                {
                    "x": 0.48828747868537903,
                    "y": 0.8767576813697815,
                    "z": -0.011898250319063663
                },
                {
                    "x": 0.5009264945983887,
                    "y": 0.8800289034843445,
                    "z": -0.019510935992002487
                },
                {
                    "x": 0.4953664243221283,
                    "y": 0.8866443634033203,
                    "z": -0.024379953742027283
                },
                {
                    "x": 0.4908212423324585,
                    "y": 0.8883633017539978,
                    "z": -0.027034036815166473
                },
                {
                    "x": 0.4925927221775055,
                    "y": 0.8994083404541016,
                    "z": -0.007886809296905994
                },
                {
                    "x": 0.5021286606788635,
                    "y": 0.9059402942657471,
                    "z": -0.01369782630354166
                },
                {
                    "x": 0.49565571546554565,
                    "y": 0.9128602743148804,
                    "z": -0.01625530607998371
                },
                {
                    "x": 0.4941326677799225,
                    "y": 0.9150297045707703,
                    "z": -0.01767922006547451
                },
                {
                    "x": 0.49279841780662537,
                    "y": 0.9216592311859131,
                    "z": -0.0058031887747347355
                },
                {
                    "x": 0.5017879009246826,
                    "y": 0.9303839206695557,
                    "z": -0.01101062074303627
                },
                {
                    "x": 0.49698808789253235,
                    "y": 0.9350853562355042,
                    "z": -0.010826364159584045
                },
                {
                    "x": 0.495444118976593,
                    "y": 0.9357010126113892,
                    "z": -0.010355060920119286
                },
                {
                    "x": 0.4912573993206024,
                    "y": 0.9408996105194092,
                    "z": -0.005183700006455183
                },
                {
                    "x": 0.4988516867160797,
                    "y": 0.9490209817886353,
                    "z": -0.0077994512394070625
                },
                {
                    "x": 0.49517303705215454,
                    "y": 0.9528620839118958,
                    "z": -0.006522344890981913
                },
                {
                    "x": 0.4942247271537781,
                    "y": 0.9531785845756531,
                    "z": -0.005135233048349619
                }
            ]
        ]
    },
    {
        "hands": [
            [
                {
                    "x": 0.449454665184021,
                    "y": 0.7997628450393677,
                    "z": 1.0940095762634883e-07
                },
                {
                    "x": 0.4439128339290619,
                    "y": 0.763878583908081,
                    "z": -0.010041492991149426
                },
                {
                    "x": 0.4438151717185974,
                    "y": 0.7195165753364563,
                    "z": -0.015108276158571243
                },
                {
                    "x": 0.44320958852767944,
                    "y": 0.6852292418479919,
                    "z": -0.019220639020204544
                },
                {
                    "x": 0.4383300542831421,
                    "y": 0.6570627093315125,
                    "z": -0.023050686344504356
                },
                {
                    "x": 0.472347617149353,
                    "y": 0.7056350708007812,
                    "z": -0.005750155542045832
                },
                {
                    "x": 0.4833049178123474,
                    "y": 0.6790394186973572,
                    "z": -0.011713188141584396
                },
                {
                    "x": 0.4909486770629883,
                    "y": 0.6650103330612183,
                    "z": -0.01753111556172371
                },
                {
                    "x": 0.4984860420227051,
                    "y": 0.6534709930419922,
                    "z": -0.02158462628722191
                },
                {
                    "x": 0.4808618724346161,
                    "y": 0.7207756042480469,
                    "z": -0.004481729585677385
                },
                {
                    "x": 0.491665244102478,
                    "y": 0.6977106332778931,
                    "z": -0.00893045961856842
                },
                {
                    "x": 0.4987514913082123,
                    "y": 0.6860605478286743,
                    "z": -0.012829332612454891
                },
                {
                    "x": 0.5051191449165344,
                    "y": 0.6778570413589478,
                    "z": -0.015720440074801445
                },
                {
                    "x": 0.48682883381843567,
                    "y": 0.7398627996444702,
                    "z": -0.004661296959966421
                },
                {
                    "x": 0.4971967041492462,
                    "y": 0.720689058303833,
                    "z": -0.009218916296958923
                },
                {
                    "x": 0.5032616257667542,
                    "y": 0.7112817168235779,
                    "z": -0.009650531224906445
                },
                {
                    "x": 0.5073457360267639,
                    "y": 0.7060420513153076,
                    "z": -0.009640421718358994
                },
                {
                    "x": 0.49104419350624084,
                    "y": 0.7619693279266357,
                    "z": -0.006003634538501501
                },
                {
                    "x": 0.5004085898399353,
                    "y": 0.7441841959953308,
                    "z": -0.009726696647703648
                },
                {
                    "x": 0.5046203136444092,
                    "y": 0.7364843487739563,
                    "z": -0.008964483626186848
                },
                {
                    "x": 0.5066860318183899,
                    "y": 0.7314634919166565,
                    "z": -0.007885976694524288
                }
            ]
        ]
    },
    {
        "hands": [
            [
                {
                    "x": 0.4455146789550781,
                    "y": 0.7108089327812195,
                    "z": 1.3168901524807097e-08
                },
                {
                    "x": 0.4344455897808075,
                    "y": 0.6644529104232788,
                    "z": -0.0028012751135975122
                },
                {
                    "x": 0.4302078187465668,
                    "y": 0.6154789924621582,
                    "z": -0.006745426915585995
                },
                {
                    "x": 0.4278286099433899,
                    "y": 0.577915608882904,
                    "z": -0.0108607467263937
                },
                {
                    "x": 0.42098918557167053,
                    "y": 0.5529459118843079,
                    "z": -0.015223867259919643
                },
                {
                    "x": 0.45723026990890503,
                    "y": 0.6100732088088989,
                    "z": -0.00956338457763195
                },
                {
                    "x": 0.4632427394390106,
                    "y": 0.5566783547401428,
                    "z": -0.016758758574724197
                },
                {
                    "x": 0.46723711490631104,
                    "y": 0.527260422706604,
                    "z": -0.020970359444618225
                },
                {
                    "x": 0.47044962644577026,
                    "y": 0.5046910047531128,
                    "z": -0.023233264684677124
                },
                {
                    "x": 0.4705566167831421,
                    "y": 0.6204834580421448,
                    "z": -0.01224981714040041
                },
                {
                    "x": 0.47837957739830017,
                    "y": 0.5642485618591309,
                    "z": -0.01833019219338894
                },
                {
                    "x": 0.48189154267311096,
                    "y": 0.5320423245429993,
                    "z": -0.021005796268582344
                },
                {
                    "x": 0.4843212366104126,
                    "y": 0.5074595212936401,
                    "z": -0.022584104910492897
                },
                {
                    "x": 0.48126348853111267,
                    "y": 0.6344763040542603,
                    "z": -0.014995156787335873
                },
                {
                    "x": 0.4892136752605438,
                    "y": 0.5804847478866577,
                    "z": -0.020471613854169846
                },
                {
                    "x": 0.4920520782470703,
                    "y": 0.548500657081604,
                    "z": -0.02121698297560215
                },
                {
                    "x": 0.49327296018600464,
                    "y": 0.5245561003684998,
                    "z": -0.02103610895574093
                },
                {
                    "x": 0.49015989899635315,
                    "y": 0.6502893567085266,
                    "z": -0.017896896228194237
                },
                {
                    "x": 0.49832192063331604,
                    "y": 0.6068075299263,
                    "z": -0.02168342098593712
                },
                {
                    "x": 0.5008338093757629,
                    "y": 0.5792919993400574,
                    "z": -0.021290987730026245
                },
                {
                    "x": 0.501629114151001,
                    "y": 0.5561623573303223,
                    "z": -0.020347706973552704
                }
            ]
        ]
    },
    {
        "hands": [
            [
                {
                    "x": 0.4395138621330261,
                    "y": 0.6631733775138855,
                    "z": 1.5210915194074914e-07
                },
                {
                    "x": 0.42780545353889465,
                    "y": 0.6072841286659241,
                    "z": -0.00012911927478853613
                },
                {
                    "x": 0.42116254568099976,
                    "y": 0.5576751232147217,
                    "z": -0.0030189361423254013
                },
                {
                    "x": 0.4168678820133209,
                    "y": 0.5186896324157715,
                    "z": -0.00695953331887722
                },
                {
                    "x": 0.40831780433654785,
                    "y": 0.4905216097831726,
                    "z": -0.010771850124001503
                },
                {
                    "x": 0.44129854440689087,
                    "y": 0.5406929850578308,
                    "z": 0.000770227808970958
                },
                {
                    "x": 0.4491773843765259,
                    "y": 0.49445992708206177,
                    "z": -0.002732392167672515
                },
                {
                    "x": 0.45539745688438416,
                    "y": 0.4676477313041687,
                    "z": -0.006399885285645723
                },
                {
                    "x": 0.4605417251586914,
                    "y": 0.4447641372680664,
                    "z": -0.008892201818525791
                },
                {
                    "x": 0.4555029571056366,
                    "y": 0.5491686463356018,
                    "z": -0.002613495569676161
                },
                {
                    "x": 0.4626299738883972,
                    "y": 0.5001181960105896,
                    "z": -0.004097391851246357
                },
                {
                    "x": 0.46799153089523315,
                    "y": 0.4736559987068176,
                    "z": -0.007182692177593708
                },
                {
                    "x": 0.47230201959609985,
                    "y": 0.45248308777809143,
                    "z": -0.009516248479485512
                },
                {
                    "x": 0.46972429752349854,
                    "y": 0.5622677206993103,
                    "z": -0.006140345241874456
                },
                {
                    "x": 0.4763680100440979,
                    "y": 0.5160082578659058,
                    "z": -0.00781506858766079
                },
                {
                    "x": 0.48190489411354065,
                    "y": 0.48618489503860474,
                    "z": -0.00922353845089674
                },
                {
                    "x": 0.48497438430786133,
                    "y": 0.46216171979904175,
                    "z": -0.009997147135436535
                },
                {
                    "x": 0.48336365818977356,
                    "y": 0.5791885256767273,
                    "z": -0.00964253768324852
                },
                {
                    "x": 0.48777782917022705,
                    "y": 0.534689724445343,
                    "z": -0.01020648330450058
                },
                {
                    "x": 0.49085769057273865,
                    "y": 0.510542631149292,
                    "z": -0.008147411979734898
                },
                {
                    "x": 0.4927690923213959,
                    "y": 0.49018850922584534,
                    "z": -0.0059532783925533295
                }
            ]
        ]
    },
    {
        "hands": [
            [
                {
                    "x": 0.44056248664855957,
                    "y": 0.6151576042175293,
                    "z": 1.9229821646149503e-07
                },
                {
                    "x": 0.42323222756385803,
                    "y": 0.5623820424079895,
                    "z": -0.0007854744326323271
                },
                {
                    "x": 0.4136691391468048,
                    "y": 0.5163313150405884,
                    "z": -0.0034683134872466326
                },
                {
                    "x": 0.4074486494064331,
                    "y": 0.4799852669239044,
                    "z": -0.006697258912026882
                },
                {
                    "x": 0.39671292901039124,
                    "y": 0.45704299211502075,
                    "z": -0.009937825612723827
                },
                {
                    "x": 0.4367087781429291,
                    "y": 0.49294281005859375,
                    "z": -0.0006640047067776322
                },
                {
                    "x": 0.4446265697479248,
                    "y": 0.4455735981464386,
                    "z": -0.0034013332333415747
                },
                {
                    "x": 0.4504114091396332,
                    "y": 0.4167243242263794,
                    "z": -0.006310411263257265
                },
                {
                    "x": 0.4550362229347229,
                    "y": 0.39264917373657227,
                    "z": -0.008252927102148533
                },
                {
                    "x": 0.45145756006240845,
                    "y": 0.500152051448822,
                    "z": -0.0030713658779859543
                },
                {
                    "x": 0.45803436636924744,
                    "y": 0.4485454261302948,
                    "z": -0.004392916336655617
                },
                {
                    "x": 0.46309199929237366,
                    "y": 0.41758352518081665,
                    "z": -0.006943191401660442
                },
                {
                    "x": 0.4677402079105377,
                    "y": 0.3922957479953766,
                    "z": -0.00891842320561409
                },
                {
                    "x": 0.46535515785217285,
                    "y": 0.5109195113182068,
                    "z": -0.005499720107764006
                },
                {
                    "x": 0.47023412585258484,
                    "y": 0.4622021019458771,
                    "z": -0.007009049411863089
                },
                {
                    "x": 0.47416192293167114,
                    "y": 0.43181416392326355,
                    "z": -0.008370623923838139
                },
                {
                    "x": 0.47675463557243347,
                    "y": 0.4074038863182068,
                    "z": -0.009195184335112572
                },
                {
                    "x": 0.47801467776298523,
                    "y": 0.5249159336090088,
                    "z": -0.007944590412080288
                },
                {
                    "x": 0.48153626918792725,
                    "y": 0.4812464416027069,
                    "z": -0.008785000070929527
                },
                {
                    "x": 0.4836483597755432,
                    "y": 0.4569026231765747,
                    "z": -0.007439934182912111
                },
                {
                    "x": 0.4852953553199768,
                    "y": 0.4355929493904114,
                    "z": -0.0059034195728600025
                }
            ]
        ]
    },
    {
        "hands": [
            [
                {
                    "x": 0.4407309889793396,
                    "y": 0.5832709670066833,
                    "z": 1.9984534560535394e-07
                },
                {
                    "x": 0.42172276973724365,
                    "y": 0.5436041355133057,
                    "z": -0.0038039968349039555
                },
                {
                    "x": 0.4118843376636505,
                    "y": 0.5019652843475342,
                    "z": -0.009127141907811165
                },
                {
                    "x": 0.40547725558280945,
                    "y": 0.465805321931839,
                    "z": -0.01420667301863432
                },
                {
                    "x": 0.395088255405426,
                    "y": 0.4439835250377655,
                    "z": -0.019536761566996574
                },
                {
                    "x": 0.4356658160686493,
                    "y": 0.46717706322669983,
                    "z": -0.010694517754018307
                },
                {
                    "x": 0.44379547238349915,
                    "y": 0.4127553701400757,
                    "z": -0.0180402509868145
                },
                {
                    "x": 0.45029693841934204,
                    "y": 0.3804969787597656,
                    "z": -0.022813918069005013
                },
                {
                    "x": 0.4561816155910492,
                    "y": 0.35575926303863525,
                    "z": -0.025468861684203148
                },
                {
                    "x": 0.4506509304046631,
                    "y": 0.4742313325405121,
                    "z": -0.01323561742901802
                },
                {
                    "x": 0.4572947323322296,
                    "y": 0.41475072503089905,
                    "z": -0.018842166289687157
                },
                {
                    "x": 0.4625771939754486,
                    "y": 0.3789871633052826,
                    "z": -0.02234596759080887
                },
                {
                    "x": 0.4668894112110138,
                    "y": 0.3508774936199188,
                    "z": -0.02463367208838463
                },
                {
                    "x": 0.46455708146095276,
                    "y": 0.48591509461402893,
                    "z": -0.015827398747205734
                },
                {
                    "x": 0.46956270933151245,
                    "y": 0.4308803081512451,
                    "z": -0.020499275997281075
                },
                {
                    "x": 0.47313711047172546,
                    "y": 0.3968678116798401,
                    "z": -0.022691000252962112
                },
                {
                    "x": 0.4753516614437103,
                    "y": 0.37101632356643677,
                    "z": -0.02399253658950329
                },
                {
                    "x": 0.47765809297561646,
                    "y": 0.5014244318008423,
                    "z": -0.01859425939619541
                },
                {
                    "x": 0.4808677136898041,
                    "y": 0.45737025141716003,
                    "z": -0.022054629400372505
                },
                {
                    "x": 0.48242682218551636,
                    "y": 0.43124181032180786,
                    "z": -0.02188340574502945
                },
                {
                    "x": 0.4831152558326721,
                    "y": 0.4100911617279053,
                    "z": -0.0211190152913332
                }
            ]
        ]
    },
    {
        "hands": [
            [
                {
                    "x": 0.4423176944255829,
                    "y": 0.578487753868103,
                    "z": 1.2741757871026493e-07
                },
                {
                    "x": 0.4230448305606842,
                    "y": 0.543027400970459,
                    "z": -0.0034396385308355093
                },
                {
                    "x": 0.41274091601371765,
                    "y": 0.5013453364372253,
                    "z": -0.007832781411707401
                },
                {
                    "x": 0.40653666853904724,
                    "y": 0.4668998122215271,
                    "z": -0.012022231705486774
                },
                {
                    "x": 0.39602309465408325,
                    "y": 0.447614848613739,
                    "z": -0.01654808223247528
                },
                {
                    "x": 0.43659690022468567,
                    "y": 0.46562159061431885,
                    "z": -0.010216819122433662
                },
                {
                    "x": 0.4442247748374939,
                    "y": 0.4124414622783661,
                    "z": -0.016985317692160606
                },
                {
                    "x": 0.45037639141082764,
                    "y": 0.38197213411331177,
                    "z": -0.021331660449504852
                },
                {
                    "x": 0.4561132490634918,
                    "y": 0.3590834140777588,
                    "z": -0.023753274232149124
                },
                {
                    "x": 0.45222485065460205,
                    "y": 0.4724929928779602,
                    "z": -0.012613775208592415
                },
                {
                    "x": 0.457731157541275,
                    "y": 0.413671612739563,
                    "z": -0.017408166080713272
                },
                {
                    "x": 0.46271395683288574,
                    "y": 0.3791554570198059,
                    "z": -0.020415199920535088
                },
                {
                    "x": 0.46725305914878845,
                    "y": 0.3523728549480438,
                    "z": -0.022525453940033913
                },
                {
                    "x": 0.4658180773258209,
                    "y": 0.4845982789993286,
                    "z": -0.01504286378622055
                },
                {
                    "x": 0.4701880216598511,
                    "y": 0.4308842122554779,
                    "z": -0.019335228949785233
                },
                {
                    "x": 0.4738004803657532,
                    "y": 0.3982362747192383,
                    "z": -0.02135782316327095
                },
                {
                    "x": 0.4762645959854126,
                    "y": 0.37368103861808777,
                    "z": -0.022643670439720154
                },
                {
                    "x": 0.4782431125640869,
                    "y": 0.5000892281532288,
                    "z": -0.017635313794016838
                },
                {
                    "x": 0.4817395508289337,
                    "y": 0.4581155776977539,
                    "z": -0.020961502566933632
                },
                {
                    "x": 0.48343294858932495,
                    "y": 0.43382662534713745,
                    "z": -0.0208640955388546
                },
                {
                    "x": 0.48421546816825867,
                    "y": 0.413927286863327,
                    "z": -0.020299581810832024
                }
            ]
        ]
    },
    {
        "hands": [
            [
                {
                    "x": 0.4448816478252411,
                    "y": 0.5946462154388428,
                    "z": 1.193519807429766e-07
                },
                {
                    "x": 0.42523524165153503,
                    "y": 0.5572232007980347,
                    "z": -0.004772169515490532
                },
                {
                    "x": 0.41529580950737,
                    "y": 0.5147508382797241,
                    "z": -0.01018612366169691
                },
                {
                    "x": 0.40947893261909485,
                    "y": 0.47997984290122986,
                    "z": -0.015351686626672745
                },
                {
                    "x": 0.3992166519165039,
                    "y": 0.4599839150905609,
                    "z": -0.020797794684767723
                },
                {
                    "x": 0.439548134803772,
                    "y": 0.4821922481060028,
                    "z": -0.011554397642612457
                },
                {
                    "x": 0.44647839665412903,
                    "y": 0.4283759593963623,
                    "z": -0.01985243707895279
                },
                {
                    "x": 0.4526073932647705,
                    "y": 0.3965270519256592,
                    "z": -0.025495605543255806
                },
                {
                    "x": 0.45811930298805237,
                    "y": 0.37185293436050415,
                    "z": -0.028713565319776535
                },
                {
                    "x": 0.45511841773986816,
                    "y": 0.48933231830596924,
                    "z": -0.014222148805856705
                },
                {
                    "x": 0.46179676055908203,
                    "y": 0.4309752285480499,
                    "z": -0.020684199407696724
                },
                {
                    "x": 0.46744847297668457,
                    "y": 0.3940768241882324,
                    "z": -0.024624941870570183
                },
                {
                    "x": 0.47233110666275024,
                    "y": 0.3659476637840271,
                    "z": -0.027160918340086937
                },
                {
                    "x": 0.46899694204330444,
                    "y": 0.5012195110321045,
                    "z": -0.017159320414066315
                },
                {
                    "x": 0.47386154532432556,
                    "y": 0.44620397686958313,
                    "z": -0.022432764992117882
                },
                {
                    "x": 0.4774888753890991,
                    "y": 0.4112088084220886,
                    "z": -0.024520481005311012
                },
                {
                    "x": 0.4803140163421631,
                    "y": 0.3854609727859497,
                    "z": -0.025587180629372597
                },
                {
                    "x": 0.48142993450164795,
                    "y": 0.5166952610015869,
                    "z": -0.020500030368566513
                },
                {
                    "x": 0.48442745208740234,
                    "y": 0.47288766503334045,
                    "z": -0.02428552322089672
                },
                {
                    "x": 0.48591968417167664,
                    "y": 0.44615307450294495,
                    "z": -0.02414163388311863
                },
                {
                    "x": 0.48713958263397217,
                    "y": 0.4251596927642822,
                    "z": -0.02341427095234394
                }
            ]
        ]
    },
    {
        "hands": [
            [
                {
                    "x": 0.4482283294200897,
                    "y": 0.6281399130821228,
                    "z": 8.289323005783444e-08
                },
                {
                    "x": 0.43057724833488464,
                    "y": 0.5947751402854919,
                    "z": -0.006141300313174725
                },
                {
                    "x": 0.42087581753730774,
                    "y": 0.5530582666397095,
                    "z": -0.012543185614049435
                },
                {
                    "x": 0.4140155017375946,
                    "y": 0.5207188129425049,
                    "z": -0.01848798245191574
                },
                {
                    "x": 0.40751907229423523,
                    "y": 0.49466684460639954,
                    "z": -0.024656981229782104
                },
                {
                    "x": 0.44789350032806396,
                    "y": 0.5218477249145508,
                    "z": -0.01508717704564333
                },
                {
                    "x": 0.4565805494785309,
                    "y": 0.46715110540390015,
                    "z": -0.02414616383612156
                },
                {
                    "x": 0.4610729217529297,
                    "y": 0.43642204999923706,
                    "z": -0.029964933171868324
                },
                {
                    "x": 0.4645395576953888,
                    "y": 0.41199684143066406,
                    "z": -0.03331640362739563
                },
                {
                    "x": 0.4627217650413513,
                    "y": 0.5312113165855408,
                    "z": -0.017523737624287605
                },
                {
                    "x": 0.47139760851860046,
                    "y": 0.4698719084262848,
                    "z": -0.024527667090296745
                },
                {
                    "x": 0.4746391773223877,
                    "y": 0.433369517326355,
                    "z": -0.02870204485952854
                },
                {
                    "x": 0.4764232635498047,
                    "y": 0.40535682439804077,
                    "z": -0.03141703084111214
                },
                {
                    "x": 0.47481340169906616,
                    "y": 0.5463032722473145,
                    "z": -0.020121507346630096
                },
                {
                    "x": 0.48324793577194214,
                    "y": 0.4887857437133789,
                    "z": -0.025968031957745552
                },
                {
                    "x": 0.4863378703594208,
                    "y": 0.4532873332500458,
                    "z": -0.027956970036029816
                },
                {
                    "x": 0.48785096406936646,
                    "y": 0.4262642562389374,
                    "z": -0.028956938534975052
                },
                {
                    "x": 0.48466625809669495,
                    "y": 0.5646180510520935,
                    "z": -0.023096121847629547
                },
                {
                    "x": 0.4919101297855377,
                    "y": 0.5215027928352356,
                    "z": -0.027869779616594315
                },
                {
                    "x": 0.4941931366920471,
                    "y": 0.4937814176082611,
                    "z": -0.027832791209220886
                },
                {
                    "x": 0.49503204226493835,
                    "y": 0.4710291922092438,
                    "z": -0.02702426165342331
                }
            ]
        ]
    },
    {
        "hands": [
            [
                {
                    "x": 0.44534218311309814,
                    "y": 0.7181583046913147,
                    "z": 8.147426200366681e-08
                },
                {
                    "x": 0.4324423372745514,
                    "y": 0.6780654191970825,
                    "z": -0.0053132991306483746
                },
                {
                    "x": 0.4251144528388977,
                    "y": 0.6380935907363892,
                    "z": -0.011937977746129036
                },
                {
                    "x": 0.41943663358688354,
                    "y": 0.6056441068649292,
                    "z": -0.01818331517279148
                },
                {
                    "x": 0.41206616163253784,
                    "y": 0.5808889865875244,
                    "z": -0.024770237505435944
                },
                {
                    "x": 0.45015963912010193,
                    "y": 0.6265515089035034,
                    "z": -0.015320036560297012
                },
                {
                    "x": 0.4597036838531494,
                    "y": 0.5746239423751831,
                    "z": -0.02357996255159378
                },
                {
                    "x": 0.4650166630744934,
                    "y": 0.5459116697311401,
                    "z": -0.027805961668491364
                },
                {
                    "x": 0.46902692317962646,
                    "y": 0.5239967107772827,
                    "z": -0.029856523498892784
                },
                {
                    "x": 0.46568772196769714,
                    "y": 0.6389409899711609,
                    "z": -0.017387719824910164
                },
                {
                    "x": 0.4750285744667053,
                    "y": 0.5814105272293091,
                    "z": -0.024544497951865196
                },
                {
                    "x": 0.48006296157836914,
                    "y": 0.549338698387146,
                    "z": -0.027838928624987602
                },
                {
                    "x": 0.48398271203041077,
                    "y": 0.5241518020629883,
                    "z": -0.029777323827147484
                },
                {
                    "x": 0.4787713587284088,
                    "y": 0.6527364253997803,
                    "z": -0.019417721778154373
                },
                {
                    "x": 0.4863990843296051,
                    "y": 0.5982192754745483,
                    "z": -0.025267211720347404
                },
                {
                    "x": 0.49021172523498535,
                    "y": 0.5664780735969543,
                    "z": -0.026251325383782387
                },
                {
                    "x": 0.4929688572883606,
                    "y": 0.5418100953102112,
                    "z": -0.026371236890554428
                },
                {
                    "x": 0.4899059534072876,
                    "y": 0.6662754416465759,
                    "z": -0.021667804569005966
                },
                {
                    "x": 0.4943850636482239,
                    "y": 0.6211912631988525,
                    "z": -0.0256635881960392
                },
                {
                    "x": 0.4960240125656128,
                    "y": 0.5939853191375732,
                    "z": -0.024868851527571678
                },
                {
                    "x": 0.4971897006034851,
                    "y": 0.5714184045791626,
                    "z": -0.023555845022201538
                }
            ]
        ]
    },
    {
        "hands": [
            [
                {
                    "x": 0.45075151324272156,
                    "y": 0.7426198720932007,
                    "z": -4.338274806059417e-08
                },
                {
                    "x": 0.43368878960609436,
                    "y": 0.7238687872886658,
                    "z": -0.005045208148658276
                },
                {
                    "x": 0.4211690425872803,
                    "y": 0.6916597485542297,
                    "z": -0.012474902905523777
                },
                {
                    "x": 0.41196030378341675,
                    "y": 0.668410062789917,
                    "z": -0.01903345063328743
                },
                {
                    "x": 0.4000939130783081,
                    "y": 0.6571645140647888,
                    "z": -0.02596489153802395
                },
                {
                    "x": 0.44192299246788025,
                    "y": 0.6903678178787231,
                    "z": -0.020989786833524704
                },
                {
                    "x": 0.4531107544898987,
                    "y": 0.6587840914726257,
                    "z": -0.02687753736972809
                },
                {
                    "x": 0.4591062366962433,
                    "y": 0.646570086479187,
                    "z": -0.02878717891871929
                },
                {
                    "x": 0.4644756317138672,
                    "y": 0.6366664171218872,
                    "z": -0.029616430401802063
                },
                {
                    "x": 0.4586411714553833,
                    "y": 0.7055844664573669,
                    "z": -0.022388288751244545
                },
                {
                    "x": 0.46811625361442566,
                    "y": 0.6655271053314209,
                    "z": -0.02641831897199154
                },
                {
                    "x": 0.4727354943752289,
                    "y": 0.6483275890350342,
                    "z": -0.025432197377085686
                },
                {
                    "x": 0.4764634072780609,
                    "y": 0.6366650462150574,
                    "z": -0.025209281593561172
                },
                {
                    "x": 0.47282230854034424,
                    "y": 0.7171810865402222,
                    "z": -0.023204388096928596
                },
                {
                    "x": 0.4811044931411743,
                    "y": 0.6758540272712708,
                    "z": -0.02706497721374035
                },
                {
                    "x": 0.48412737250328064,
                    "y": 0.6576085686683655,
                    "z": -0.024475906044244766
                },
                {
                    "x": 0.4863300621509552,
                    "y": 0.6439855694770813,
                    "z": -0.022632503882050514
                },
                {
                    "x": 0.4850640296936035,
                    "y": 0.7259705662727356,
                    "z": -0.024051262065768242
                },
                {
                    "x": 0.49162864685058594,
                    "y": 0.689576268196106,
                    "z": -0.02580856718122959
                },
                {
                    "x": 0.49266621470451355,
                    "y": 0.6741282343864441,
                    "z": -0.02197752706706524
                },
                {
                    "x": 0.49269920587539673,
                    "y": 0.662945568561554,
                    "z": -0.019111931324005127
                }
            ]
        ]
    },
    {
        "hands": [
            [
                {
                    "x": 0.4436364769935608,
                    "y": 0.7807890176773071,
                    "z": 5.874185760035289e-08
                },
                {
                    "x": 0.42701342701911926,
                    "y": 0.7451120615005493,
                    "z": -0.003937008790671825
                },
                {
                    "x": 0.4167730510234833,
                    "y": 0.7072784304618835,
                    "z": -0.009646671824157238
                },
                {
                    "x": 0.40909653902053833,
                    "y": 0.6793017983436584,
                    "z": -0.014946903102099895
                },
                {
                    "x": 0.39745402336120605,
                    "y": 0.6687710285186768,
                    "z": -0.0205649696290493
                },
                {
                    "x": 0.4366603493690491,
                    "y": 0.7087281346321106,
                    "z": -0.015334579162299633
                },
                {
                    "x": 0.4478648900985718,
                    "y": 0.6748363375663757,
                    "z": -0.02169674076139927
                },
                {
                    "x": 0.4552289843559265,
                    "y": 0.6561768054962158,
                    "z": -0.02504294365644455
                },
                {
                    "x": 0.46155259013175964,
                    "y": 0.6408593058586121,
                    "z": -0.02734876610338688
                },
                {
                    "x": 0.45387616753578186,
                    "y": 0.7213490605354309,
                    "z": -0.01782349869608879
                },
                {
                    "x": 0.46388018131256104,
                    "y": 0.6826944947242737,
                    "z": -0.0227104090154171
                },
                {
                    "x": 0.4696769118309021,
                    "y": 0.6604720950126648,
                    "z": -0.02440195344388485
                },
                {
                    "x": 0.47418415546417236,
                    "y": 0.6416900157928467,
                    "z": -0.026373818516731262
                },
                {
                    "x": 0.46839606761932373,
                    "y": 0.7332097887992859,
                    "z": -0.020022286102175713
                },
                {
                    "x": 0.4774990379810333,
                    "y": 0.6949963569641113,
                    "z": -0.02449939027428627
                },
                {
                    "x": 0.4816453158855438,
                    "y": 0.6728292107582092,
                    "z": -0.024871980771422386
                },
                {
                    "x": 0.48417791724205017,
                    "y": 0.6543625593185425,
                    "z": -0.025513781234622
                },
                {
                    "x": 0.480426549911499,
                    "y": 0.744260311126709,
                    "z": -0.022369954735040665
                },
                {
                    "x": 0.48793572187423706,
                    "y": 0.7145163416862488,
                    "z": -0.025337904691696167
                },
                {
                    "x": 0.49081096053123474,
                    "y": 0.6963610649108887,
                    "z": -0.024553539231419563
                },
                {
                    "x": 0.4924173057079315,
                    "y": 0.6797166466712952,
                    "z": -0.024278320372104645
                }
            ]
        ]
    },
    {
        "hands": [
            [
                {
                    "x": 0.4448673725128174,
                    "y": 0.7773086428642273,
                    "z": 1.1220601692230048e-07
                },
                {
                    "x": 0.4292210340499878,
                    "y": 0.7393967509269714,
                    "z": -0.0038560954853892326
                },
                {
                    "x": 0.419185072183609,
                    "y": 0.7022703886032104,
                    "z": -0.00910630077123642
                },
                {
                    "x": 0.4117562770843506,
                    "y": 0.673005998134613,
                    "z": -0.013992374762892723
                },
                {
                    "x": 0.4001104533672333,
                    "y": 0.6609098315238953,
                    "z": -0.019203055649995804
                },
                {
                    "x": 0.4390936493873596,
                    "y": 0.7041787505149841,
                    "z": -0.012625518254935741
                },
                {
                    "x": 0.4492521584033966,
                    "y": 0.6712659597396851,
                    "z": -0.01905125379562378
                },
                {
                    "x": 0.4566768705844879,
                    "y": 0.6504935026168823,
                    "z": -0.02317165955901146
                },
                {
                    "x": 0.4636332094669342,
                    "y": 0.6323316097259521,
                    "z": -0.026066763326525688
                },
                {
                    "x": 0.45650389790534973,
                    "y": 0.715437650680542,
                    "z": -0.014817438088357449
                },
                {
                    "x": 0.46613502502441406,
                    "y": 0.6771847605705261,
                    "z": -0.019302887842059135
                },
                {
                    "x": 0.47266048192977905,
                    "y": 0.6537969708442688,
                    "z": -0.021510358899831772
                },
                {
                    "x": 0.4781845808029175,
                    "y": 0.6329970359802246,
                    "z": -0.02399979904294014
                },
                {
                    "x": 0.4710424840450287,
                    "y": 0.7261057496070862,
                    "z": -0.016895826905965805
                },
                {
                    "x": 0.47910353541374207,
                    "y": 0.6892651915550232,
                    "z": -0.021148420870304108
                },
                {
                    "x": 0.4833386540412903,
                    "y": 0.666449785232544,
                    "z": -0.021682262420654297
                },
                {
                    "x": 0.4863327741622925,
                    "y": 0.646496057510376,
                    "z": -0.022522199898958206
                },
                {
                    "x": 0.48246175050735474,
                    "y": 0.7364799976348877,
                    "z": -0.01917104795575142
                },
                {
                    "x": 0.48888248205184937,
                    "y": 0.7076643109321594,
                    "z": -0.02180035039782524
                },
                {
                    "x": 0.4918801784515381,
                    "y": 0.6895236968994141,
                    "z": -0.02104715071618557
                },
                {
                    "x": 0.4942048192024231,
                    "y": 0.6719303727149963,
                    "z": -0.020916495472192764
                }
            ]
        ]
    },
    {
        "hands": [
            [
                {
                    "x": 0.44617730379104614,
                    "y": 0.7804267406463623,
                    "z": 1.0744086154090837e-07
                },
                {
                    "x": 0.43027254939079285,
                    "y": 0.742190957069397,
                    "z": -0.004186354577541351
                },
                {
                    "x": 0.4207282066345215,
                    "y": 0.705112874507904,
                    "z": -0.00958124827593565
                },
                {
                    "x": 0.4137265682220459,
                    "y": 0.6760168075561523,
                    "z": -0.014448259957134724
                },
                {
                    "x": 0.4022064208984375,
                    "y": 0.6641024947166443,
                    "z": -0.019706636667251587
                },
                {
                    "x": 0.44084692001342773,
                    "y": 0.7068116068840027,
                    "z": -0.014310061931610107
                },
                {
                    "x": 0.45167186856269836,
                    "y": 0.6722632646560669,
                    "z": -0.020769719034433365
                },
                {
                    "x": 0.4592089056968689,
                    "y": 0.6508516073226929,
                    "z": -0.024537794291973114
                },
                {
                    "x": 0.4658115804195404,
                    "y": 0.6323548555374146,
                    "z": -0.027110101655125618
                },
                {
                    "x": 0.45827096700668335,
                    "y": 0.7181407809257507,
                    "z": -0.016338396817445755
                },
                {
                    "x": 0.4682422876358032,
                    "y": 0.6792781352996826,
                    "z": -0.021077929064631462
                },
                {
                    "x": 0.47524943947792053,
                    "y": 0.6552443504333496,
                    "z": -0.023330209776759148
                },
                {
                    "x": 0.4809364080429077,
                    "y": 0.6339902877807617,
                    "z": -0.02575417421758175
                },
                {
                    "x": 0.47278687357902527,
                    "y": 0.7287919521331787,
                    "z": -0.018149692565202713
                },
                {
                    "x": 0.4805397093296051,
                    "y": 0.6919174194335938,
                    "z": -0.022541355341672897
                },
                {
                    "x": 0.4858021140098572,
                    "y": 0.6679762601852417,
                    "z": -0.023582536727190018
                },
                {
                    "x": 0.48968207836151123,
                    "y": 0.6470838785171509,
                    "z": -0.02468641847372055
                },
                {
                    "x": 0.4840613007545471,
                    "y": 0.7385416626930237,
                    "z": -0.02012605406343937
                },
                {
                    "x": 0.4903189539909363,
                    "y": 0.7089565396308899,
                    "z": -0.022874245420098305
                },
                {
                    "x": 0.49347570538520813,
                    "y": 0.6900153756141663,
                    "z": -0.022404657676815987
                },
                {
                    "x": 0.4960271716117859,
                    "y": 0.6721394062042236,
                    "z": -0.022387582808732986
                }
            ]
        ]
    },
    {
        "hands": [
            [
                {
                    "x": 0.44604867696762085,
                    "y": 0.7835456728935242,
                    "z": 1.0327210020477651e-07
                },
                {
                    "x": 0.42989107966423035,
                    "y": 0.7473679780960083,
                    "z": -0.0050066253170371056
                },
                {
                    "x": 0.4205164611339569,
                    "y": 0.7103525400161743,
                    "z": -0.01066875271499157
                },
                {
                    "x": 0.41380470991134644,
                    "y": 0.6816450953483582,
                    "z": -0.015688130632042885
                },
                {
                    "x": 0.40214625000953674,
                    "y": 0.6705250144004822,
                    "z": -0.02108851820230484
                },
                {
                    "x": 0.44064927101135254,
                    "y": 0.7127200365066528,
                    "z": -0.015108101069927216
                },
                {
                    "x": 0.45135197043418884,
                    "y": 0.6805210113525391,
                    "z": -0.022066811099648476
                },
                {
                    "x": 0.4590705633163452,
                    "y": 0.6593492031097412,
                    "z": -0.026357023045420647
                },
                {
                    "x": 0.46581339836120605,
                    "y": 0.6410902142524719,
                    "z": -0.0293501578271389
                },
                {
                    "x": 0.45825883746147156,
                    "y": 0.7243701219558716,
                    "z": -0.017007511109113693
                },
                {
                    "x": 0.4679566025733948,
                    "y": 0.6864830851554871,
                    "z": -0.022319382056593895
                },
                {
                    "x": 0.4750947058200836,
                    "y": 0.6624294519424438,
                    "z": -0.025037499144673347
                },
                {
                    "x": 0.48098379373550415,
                    "y": 0.6413604021072388,
                    "z": -0.027785448357462883
                },
                {
                    "x": 0.4727649688720703,
                    "y": 0.7349448800086975,
                    "z": -0.0187553558498621
                },
                {
                    "x": 0.48034822940826416,
                    "y": 0.6980732679367065,
                    "z": -0.023867450654506683
                },
                {
                    "x": 0.4856637716293335,
                    "y": 0.674524188041687,
                    "z": -0.025121642276644707
                },
                {
                    "x": 0.48975521326065063,
                    "y": 0.6539096832275391,
                    "z": -0.026248523965477943
                },
                {
                    "x": 0.4839661419391632,
                    "y": 0.7446097731590271,
                    "z": -0.020734218880534172
                },
                {
                    "x": 0.49042147397994995,
                    "y": 0.714975893497467,
                    "z": -0.024108299985527992
                },
                {
                    "x": 0.4936058223247528,
                    "y": 0.696071207523346,
                    "z": -0.02387060411274433
                },
                {
                    "x": 0.49634337425231934,
                    "y": 0.6783216595649719,
                    "z": -0.023982150480151176
                }
            ]
        ]
    },
    {
        "hands": [
            [
                {
                    "x": 0.44540852308273315,
                    "y": 0.787097692489624,
                    "z": 1.0331346800285246e-07
                },
                {
                    "x": 0.428875595331192,
                    "y": 0.7515047192573547,
                    "z": -0.004187543410807848
                },
                {
                    "x": 0.4193643629550934,
                    "y": 0.7134048342704773,
                    "z": -0.009362767450511456
                },
                {
                    "x": 0.41250815987586975,
                    "y": 0.684751570224762,
                    "z": -0.014114601537585258
                },
                {
                    "x": 0.4006415605545044,
                    "y": 0.6751406788825989,
                    "z": -0.01929515041410923
                },
                {
                    "x": 0.43908777832984924,
                    "y": 0.7155505418777466,
                    "z": -0.013834157027304173
                },
                {
                    "x": 0.4498860239982605,
                    "y": 0.6823543906211853,
                    "z": -0.02004670724272728
                },
                {
                    "x": 0.457858681678772,
                    "y": 0.6614320874214172,
                    "z": -0.023676041513681412
                },
                {
                    "x": 0.4648565351963043,
                    "y": 0.6438583135604858,
                    "z": -0.026201624423265457
                },
                {
                    "x": 0.45644354820251465,
                    "y": 0.7276208996772766,
                    "z": -0.015989191830158234
                },
                {
                    "x": 0.4660877585411072,
                    "y": 0.6894633769989014,
                    "z": -0.02075710892677307
                },
                {
                    "x": 0.4730294942855835,
                    "y": 0.6653237342834473,
                    "z": -0.023182572796940804
                },
                {
                    "x": 0.4788956046104431,
                    "y": 0.6442474722862244,
                    "z": -0.02569291554391384
                },
                {
                    "x": 0.4708591401576996,
                    "y": 0.7384336590766907,
                    "z": -0.017935337498784065
                },
                {
                    "x": 0.4788374900817871,
                    "y": 0.7011168003082275,
                    "z": -0.022690076380968094
                },
                {
                    "x": 0.4839784502983093,
                    "y": 0.6776769161224365,
                    "z": -0.024125706404447556
                },
                {
                    "x": 0.4878395199775696,
                    "y": 0.6570796370506287,
                    "z": -0.025368541479110718
                },
                {
                    "x": 0.4823414385318756,
                    "y": 0.7483360767364502,
                    "z": -0.0200300682336092
                },
                {
                    "x": 0.489284485578537,
                    "y": 0.7187891006469727,
                    "z": -0.02315717376768589
                },
                {
                    "x": 0.4924999475479126,
                    "y": 0.7002425193786621,
                    "z": -0.02306765504181385
                },
                {
                    "x": 0.4950786828994751,
                    "y": 0.6825472712516785,
                    "z": -0.023306531831622124
                }
            ]
        ]
    },
    {
        "hands": [
            [
                {
                    "x": 0.44238176941871643,
                    "y": 0.7927407622337341,
                    "z": 1.0021469876164701e-07
                },
                {
                    "x": 0.42645666003227234,
                    "y": 0.7575016617774963,
                    "z": -0.004652535077184439
                },
                {
                    "x": 0.41740304231643677,
                    "y": 0.7202242612838745,
                    "z": -0.010060249827802181
                },
                {
                    "x": 0.4114481508731842,
                    "y": 0.6918534636497498,
                    "z": -0.015012389980256557
                },
                {
                    "x": 0.3999229371547699,
                    "y": 0.6820222735404968,
                    "z": -0.020376861095428467
                },
                {
                    "x": 0.4380218982696533,
                    "y": 0.7216763496398926,
                    "z": -0.013827430084347725
                },
                {
                    "x": 0.4489133358001709,
                    "y": 0.6910016536712646,
                    "z": -0.020575346425175667
                },
                {
                    "x": 0.4567224979400635,
                    "y": 0.6704486608505249,
                    "z": -0.024929776787757874
                },
                {
                    "x": 0.463379442691803,
                    "y": 0.6530048847198486,
                    "z": -0.027966948226094246
                },
                {
                    "x": 0.4550836682319641,
                    "y": 0.7339709997177124,
                    "z": -0.015992138534784317
                },
                {
                    "x": 0.4653477668762207,
                    "y": 0.6971167325973511,
                    "z": -0.021103326231241226
                },
                {
                    "x": 0.4726341664791107,
                    "y": 0.6734921932220459,
                    "z": -0.023785041645169258
                },
                {
                    "x": 0.4787016212940216,
                    "y": 0.6532203555107117,
                    "z": -0.02649937942624092
                },
                {
                    "x": 0.46902695298194885,
                    "y": 0.7453346252441406,
                    "z": -0.018073035404086113
                },
                {
                    "x": 0.4773982763290405,
                    "y": 0.7092322707176208,
                    "z": -0.02322373352944851
                },
                {
                    "x": 0.48265987634658813,
                    "y": 0.6869784593582153,
                    "z": -0.024468043819069862
                },
                {
                    "x": 0.4866425395011902,
                    "y": 0.6675595045089722,
                    "z": -0.025545626878738403
                },
                {
                    "x": 0.48002567887306213,
                    "y": 0.756537675857544,
                    "z": -0.02038511075079441
                },
                {
                    "x": 0.48744073510169983,
                    "y": 0.7282223105430603,
                    "z": -0.023741381242871284
                },
                {
                    "x": 0.49065595865249634,
                    "y": 0.7102532386779785,
                    "z": -0.02342650108039379
                },
                {
                    "x": 0.4930463433265686,
                    "y": 0.6932454109191895,
                    "z": -0.02350141853094101
                }
            ]
        ]
    },
    {
        "hands": [
            [
                {
                    "x": 0.44010311365127563,
                    "y": 0.8146458864212036,
                    "z": 4.531513653205366e-08
                },
                {
                    "x": 0.4257871210575104,
                    "y": 0.7776175737380981,
                    "z": -0.0034356792457401752
                },
                {
                    "x": 0.41768625378608704,
                    "y": 0.7416109442710876,
                    "z": -0.009028606116771698
                },
                {
                    "x": 0.4115191400051117,
                    "y": 0.7131947875022888,
                    "z": -0.01433817483484745
                },
                {
                    "x": 0.400215208530426,
                    "y": 0.6992825865745544,
                    "z": -0.020094847306609154
                },
                {
                    "x": 0.43848589062690735,
                    "y": 0.7438983917236328,
                    "z": -0.013046097941696644
                },
                {
                    "x": 0.44993892312049866,
                    "y": 0.7142454385757446,
                    "z": -0.01950264535844326
                },
                {
                    "x": 0.4573683440685272,
                    "y": 0.695789635181427,
                    "z": -0.02361852303147316
                },
                {
                    "x": 0.4640139937400818,
                    "y": 0.6796613931655884,
                    "z": -0.026539860293269157
                },
                {
                    "x": 0.4550187587738037,
                    "y": 0.7573202252388,
                    "z": -0.01558024249970913
                },
                {
                    "x": 0.46534544229507446,
                    "y": 0.7217883467674255,
                    "z": -0.020151128992438316
                },
                {
                    "x": 0.47105759382247925,
                    "y": 0.7008540034294128,
                    "z": -0.022240418940782547
                },
                {
                    "x": 0.4759065806865692,
                    "y": 0.6823691129684448,
                    "z": -0.024554196745157242
                },
                {
                    "x": 0.46884244680404663,
                    "y": 0.7697925567626953,
                    "z": -0.017899926751852036
                },
                {
                    "x": 0.4783822298049927,
                    "y": 0.7322714924812317,
                    "z": -0.022247880697250366
                },
                {
                    "x": 0.48279333114624023,
                    "y": 0.7097185254096985,
                    "z": -0.022328229621052742
                },
                {
                    "x": 0.4858398735523224,
                    "y": 0.6906788945198059,
                    "z": -0.02270480990409851
                },
                {
                    "x": 0.4800562560558319,
                    "y": 0.7813180088996887,
                    "z": -0.020346706733107567
                },
                {
                    "x": 0.4881298840045929,
                    "y": 0.7519135475158691,
                    "z": -0.023090289905667305
                },
                {
                    "x": 0.49129846692085266,
                    "y": 0.7335368990898132,
                    "z": -0.021846286952495575
                },
                {
                    "x": 0.493429034948349,
                    "y": 0.7163596153259277,
                    "z": -0.021146027371287346
                }
            ]
        ]
    },
    {
        "hands": [
            [
                {
                    "x": 0.4385705292224884,
                    "y": 0.8489179611206055,
                    "z": -3.860433395175278e-08
                },
                {
                    "x": 0.4277251958847046,
                    "y": 0.818851888179779,
                    "z": -0.013681183569133282
                },
                {
                    "x": 0.421730101108551,
                    "y": 0.787257194519043,
                    "z": -0.02466157265007496
                },
                {
                    "x": 0.416775107383728,
                    "y": 0.75990891456604,
                    "z": -0.03427591174840927
                },
                {
                    "x": 0.40622806549072266,
                    "y": 0.7432994842529297,
                    "z": -0.04340575262904167
                },
                {
                    "x": 0.4553122818470001,
                    "y": 0.768621027469635,
                    "z": -0.02074892818927765
                },
                {
                    "x": 0.4726775586605072,
                    "y": 0.7476472854614258,
                    "z": -0.03126060217618942
                },
                {
                    "x": 0.4818893373012543,
                    "y": 0.7506293654441833,
                    "z": -0.03836258873343468
                },
                {
                    "x": 0.48660704493522644,
                    "y": 0.7565349340438843,
                    "z": -0.04273538291454315
                },
                {
                    "x": 0.4677446484565735,
                    "y": 0.785472571849823,
                    "z": -0.018490763381123543
                },
                {
                    "x": 0.4770589768886566,
                    "y": 0.775030791759491,
                    "z": -0.02997695468366146
                },
                {
                    "x": 0.4746474325656891,
                    "y": 0.781541109085083,
                    "z": -0.03467411920428276
                },
                {
                    "x": 0.4695999324321747,
                    "y": 0.7882996797561646,
                    "z": -0.03706065192818642
                },
                {
                    "x": 0.47583627700805664,
                    "y": 0.8030387759208679,
                    "z": -0.017116766422986984
                },
                {
                    "x": 0.48553240299224854,
                    "y": 0.7882953882217407,
                    "z": -0.026865683495998383
                },
                {
                    "x": 0.4875434935092926,
                    "y": 0.7845633029937744,
                    "z": -0.02815215475857258
                },
                {
                    "x": 0.4855242669582367,
                    "y": 0.784482479095459,
                    "z": -0.027822230011224747
                },
                {
                    "x": 0.4813465476036072,
                    "y": 0.8175492882728577,
                    "z": -0.016591936349868774
                },
                {
                    "x": 0.49045079946517944,
                    "y": 0.8000161647796631,
                    "z": -0.023572523146867752
                },
                {
                    "x": 0.4932703971862793,
                    "y": 0.7915375232696533,
                    "z": -0.023821717128157616
                },
                {
                    "x": 0.4928317070007324,
                    "y": 0.7842292785644531,
                    "z": -0.022882649675011635
                }
            ]
        ]
    },
    {
        "hands": [
            [
                {
                    "x": 0.4308692216873169,
                    "y": 0.9194191098213196,
                    "z": 1.441586192640898e-07
                },
                {
                    "x": 0.42818737030029297,
                    "y": 0.8917711973190308,
                    "z": -0.01872716285288334
                },
                {
                    "x": 0.425666868686676,
                    "y": 0.8610205054283142,
                    "z": -0.03146219253540039
                },
                {
                    "x": 0.4222395420074463,
                    "y": 0.8344133496284485,
                    "z": -0.04221498593688011
                },
                {
                    "x": 0.41527804732322693,
                    "y": 0.8099645972251892,
                    "z": -0.052707429975271225
                },
                {
                    "x": 0.4635728895664215,
                    "y": 0.8436535000801086,
                    "z": -0.01779932901263237
                },
                {
                    "x": 0.48104196786880493,
                    "y": 0.8363360166549683,
                    "z": -0.02504081279039383
                },
                {
                    "x": 0.48679429292678833,
                    "y": 0.8347362279891968,
                    "z": -0.03170456737279892
                },
                {
                    "x": 0.4888889789581299,
                    "y": 0.8314186334609985,
                    "z": -0.03611907735466957
                },
                {
                    "x": 0.4716310501098633,
                    "y": 0.8626267910003662,
                    "z": -0.012471702881157398
                },
                {
                    "x": 0.48997989296913147,
                    "y": 0.8567102551460266,
                    "z": -0.01732035167515278
                },
                {
                    "x": 0.4942697584629059,
                    "y": 0.8565925359725952,
                    "z": -0.02178094908595085
                },
                {
                    "x": 0.4951894283294678,
                    "y": 0.8552567362785339,
                    "z": -0.025372622534632683
                },
                {
                    "x": 0.4760999083518982,
                    "y": 0.880424439907074,
                    "z": -0.008731676265597343
                },
                {
                    "x": 0.4936935007572174,
                    "y": 0.8753299117088318,
                    "z": -0.012082773260772228
                },
                {
                    "x": 0.49832382798194885,
                    "y": 0.8733153939247131,
                    "z": -0.013740562833845615
                },
                {
                    "x": 0.4984923303127289,
                    "y": 0.8690577745437622,
                    "z": -0.01514726784080267
                },
                {
                    "x": 0.47753411531448364,
                    "y": 0.8959805369377136,
                    "z": -0.006779510527849197
                },
                {
                    "x": 0.49330365657806396,
                    "y": 0.8896933197975159,
                    "z": -0.00832662358880043
                },
                {
                    "x": 0.4986156225204468,
                    "y": 0.8850356936454773,
                    "z": -0.007975737564265728
                },
                {
                    "x": 0.5001990795135498,
                    "y": 0.8773617148399353,
                    "z": -0.007893005385994911
                }
            ]
        ]
    },
    {
        "hands": [
            [
                {
                    "x": 0.437205970287323,
                    "y": 0.9975779056549072,
                    "z": 1.6651677015033783e-07
                },
                {
                    "x": 0.436919629573822,
                    "y": 0.9725022912025452,
                    "z": -0.01480995025485754
                },
                {
                    "x": 0.4384552538394928,
                    "y": 0.9438008069992065,
                    "z": -0.02595364861190319
                },
                {
                    "x": 0.4367823600769043,
                    "y": 0.9169842004776001,
                    "z": -0.035778604447841644
                },
                {
                    "x": 0.43427732586860657,
                    "y": 0.8965224027633667,
                    "z": -0.04543831944465637
                },
                {
                    "x": 0.4767926335334778,
                    "y": 0.9572744965553284,
                    "z": -0.014533815905451775
                },
                {
                    "x": 0.48832088708877563,
                    "y": 0.9636085033416748,
                    "z": -0.021328449249267578
                },
                {
                    "x": 0.49352192878723145,
                    "y": 0.9713712930679321,
                    "z": -0.027760867029428482
                },
                {
                    "x": 0.49560341238975525,
                    "y": 0.9782195687294006,
                    "z": -0.032076507806777954
                },
                {
                    "x": 0.4830836355686188,
                    "y": 0.9713326096534729,
                    "z": -0.010962503962218761
                },
                {
                    "x": 0.498697429895401,
                    "y": 0.9749580025672913,
                    "z": -0.014405576512217522
                },
                {
                    "x": 0.5038387775421143,
                    "y": 0.9830904603004456,
                    "z": -0.01744861528277397
                },
                {
                    "x": 0.5055158138275146,
                    "y": 0.9920581579208374,
                    "z": -0.019852809607982635
                },
                {
                    "x": 0.4852580726146698,
                    "y": 0.9845390319824219,
                    "z": -0.00886149425059557
                },
                {
                    "x": 0.5013776421546936,
                    "y": 0.9853633046150208,
                    "z": -0.01036818791180849
                },
                {
                    "x": 0.5061441659927368,
                    "y": 0.9918333292007446,
                    "z": -0.011135987006127834
                },
                {
                    "x": 0.5080742835998535,
                    "y": 0.9980334043502808,
                    "z": -0.01210807915776968
                },
                {
                    "x": 0.484357088804245,
                    "y": 0.9978514313697815,
                    "z": -0.008401107974350452
                },
                {
                    "x": 0.49687430262565613,
                    "y": 0.9988129138946533,
                    "z": -0.008318466134369373
                },
                {
                    "x": 0.501387357711792,
                    "y": 1.0021024942398071,
                    "z": -0.007371776271611452
                },
                {
                    "x": 0.5032499432563782,
                    "y": 1.004056453704834,
                    "z": -0.006880506873130798
                }
            ]
        ]
    }
]