[
    {
        "hands": [
            [
                {
                    "x": 0.4143289625644684,
                    "y": 0.7515353560447693,
                    "z": 1.4496585265533213e-07
                },
                {
                    "x": 0.4429638981819153,
                    "y": 0.7753311395645142,
                    "z": -0.0029137004166841507
                },
                {
                    "x": 0.45852312445640564,
                    "y": 0.8234827518463135,
                    "z": -0.0068815480917692184
                },
                {
                    "x": 0.4624194800853729,
                    "y": 0.8676188588142395,
                    "z": -0.010064622387290001
                },
                {
                    "x": 0.46308085322380066,
                    "y": 0.9020739197731018,
                    "z": -0.013469180092215538
                },
                {
                    "x": 0.44925346970558167,
                    "y": 0.8576910495758057,
                    "z": -0.017769815400242805
                },
                {
                    "x": 0.4476339817047119,
                    "y": 0.9166340827941895,
                    "z": -0.026655156165361404
                },
                {
                    "x": 0.44611838459968567,
                    "y": 0.9505453109741211,
                    "z": -0.030498964712023735
                },
                {
                    "x": 0.44592392444610596,
                    "y": 0.976688027381897,
                    "z": -0.032683588564395905
                },
                {
                    "x": 0.4281396269798279,
                    "y": 0.8646305799484253,
                    "z": -0.021669434383511543
                },
                {
                    "x": 0.42476269602775574,
                    "y": 0.9320759773254395,
                    "z": -0.03053584136068821
                },
                {
                    "x": 0.42463937401771545,
                    "y": 0.9748733043670654,
                    "z": -0.03506280481815338
                },
                {
                    "x": 0.4251693785190582,
                    "y": 1.007727861404419,
                    "z": -0.03801881894469261
                },
                {
                    "x": 0.4067976474761963,
                    "y": 0.8616499900817871,
                    "z": -0.025182561948895454
                },
                {
                    "x": 0.40407148003578186,
                    "y": 0.9288174510002136,
                    "z": -0.03624238446354866
                },
                {
                    "x": 0.4065466821193695,
                    "y": 0.9738580584526062,
                    "z": -0.04298916831612587
                },
                {
                    "x": 0.4087616801261902,
                    "y": 1.0078362226486206,
                    "z": -0.04676935076713562
                },
                {
                    "x": 0.38731223344802856,
                    "y": 0.8514136672019958,
                    "z": -0.027949411422014236
                },
                {
                    "x": 0.3731021285057068,
                    "y": 0.9048839807510376,
                    "z": -0.03889553248882294
                },
                {
                    "x": 0.3651178479194641,
                    "y": 0.9421654343605042,
                    "z": -0.044322188943624496
                },
                {
                    "x": 0.3580303192138672,
                    "y": 0.9740094542503357,
                    "z": -0.04719329625368118
                }
            ]
        ]
    },
    {
        "hands": [
            [
                {
                    "x": 0.42997488379478455,
                    "y": 0.5807263851165771,
                    "z": 3.365449856573832e-07
                },
                {
                    "x": 0.4579627513885498,
                    "y": 0.5968830585479736,
                    "z": -0.010916989296674728
                },
                {
                    "x": 0.48825502395629883,
                    "y": 0.6302734613418579,
                    "z": -0.024101871997117996
                },
                {
                    "x": 0.5154316425323486,
                    "y": 0.6505639553070068,
                    "z": -0.035120513290166855
                },
                {
                    "x": 0.5380712151527405,
                    "y": 0.663137674331665,
                    "z": -0.04766062647104263
                },
                {
                    "x": 0.4711796045303345,
                    "y": 0.6529836058616638,
                    "z": -0.04144330695271492
                },
                {
                    "x": 0.4733528196811676,
                    "y": 0.7301874756813049,
                    "z": -0.0562431700527668
                },
                {
                    "x": 0.47333699464797974,
                    "y": 0.7815669775009155,
                    "z": -0.062312569469213486
                },
                {
                    "x": 0.471446692943573,
                    "y": 0.8186345100402832,
                    "z": -0.06557641923427582
                },
                {
                    "x": 0.44960346817970276,
                    "y": 0.6567918062210083,
                    "z": -0.044303376227617264
                },
                {
                    "x": 0.4533543586730957,
                    "y": 0.745032548904419,
                    "z": -0.05843441188335419
                },
                {
                    "x": 0.45496058464050293,
                    "y": 0.8056386709213257,
                    "z": -0.06516990810632706
                },
                {
                    "x": 0.45499172806739807,
                    "y": 0.8521305918693542,
                    "z": -0.07001054286956787
                },
                {
                    "x": 0.42712295055389404,
                    "y": 0.6561479568481445,
                    "z": -0.04618997499346733
                },
                {
                    "x": 0.42962825298309326,
                    "y": 0.7428452968597412,
                    "z": -0.05996263027191162
                },
                {
                    "x": 0.43173983693122864,
                    "y": 0.8031392097473145,
                    "z": -0.06863126158714294
                },
                {
                    "x": 0.43248793482780457,
                    "y": 0.8504207134246826,
                    "z": -0.0745677500963211
                },
                {
                    "x": 0.4069705009460449,
                    "y": 0.6525142192840576,
                    "z": -0.047516148537397385
                },
                {
                    "x": 0.400674045085907,
                    "y": 0.7085533738136292,
                    "z": -0.06047059968113899
                },
                {
                    "x": 0.39335349202156067,
                    "y": 0.7476441860198975,
                    "z": -0.06694953888654709
                },
                {
                    "x": 0.3858291208744049,
                    "y": 0.7805739045143127,
                    "z": -0.0711674913764
                }
            ]
        ]
    },
    {
        "hands": [
            [
                {
                    "x": 0.446178674697876,
                    "y": 0.5155208110809326,
                    "z": 2.517276129765378e-07
                },
                {
                    "x": 0.4730924963951111,
                    "y": 0.5424494743347168,
                    "z": -0.0079506179317832
                },
                {
                    "x": 0.5017644166946411,
                    "y": 0.594049870967865,
                    "z": -0.017123499885201454
                },
                {
                    "x": 0.5246488451957703,
                    "y": 0.6357362866401672,
                    "z": -0.024694528430700302
                },
                {
                    "x": 0.5484289526939392,
                    "y": 0.6488683819770813,
                    "z": -0.03254427760839462
                },
                {
                    "x": 0.48013919591903687,
                    "y": 0.5751705765724182,
                    "z": -0.029969235882163048
                },
                {
                    "x": 0.4792449474334717,
                    "y": 0.6489020586013794,
                    "z": -0.04227660596370697
                },
                {
                    "x": 0.47401192784309387,
                    "y": 0.6901843547821045,
                    "z": -0.046850498765707016
                },
                {
                    "x": 0.4699811339378357,
                    "y": 0.7162373065948486,
                    "z": -0.048435233533382416
                },
                {
                    "x": 0.45677024126052856,
                    "y": 0.5713875889778137,
                    "z": -0.0327882245182991
                },
                {
                    "x": 0.45097944140434265,
                    "y": 0.6655283570289612,
                    "z": -0.042312972247600555
                },
                {
                    "x": 0.4466020166873932,
                    "y": 0.7187790274620056,
                    "z": -0.04427807778120041
                },
                {
                    "x": 0.44334307312965393,
                    "y": 0.7552393674850464,
                    "z": -0.04602060094475746
                },
                {
                    "x": 0.4331664741039276,
                    "y": 0.5686544179916382,
                    "z": -0.03507191315293312
                },
                {
                    "x": 0.4275560975074768,
                    "y": 0.6605588793754578,
                    "z": -0.04508437216281891
                },
                {
                    "x": 0.42381781339645386,
                    "y": 0.712548017501831,
                    "z": -0.04730289429426193
                },
                {
                    "x": 0.42216435074806213,
                    "y": 0.7508927583694458,
                    "z": -0.04888533428311348
                },
                {
                    "x": 0.41202306747436523,
                    "y": 0.5655585527420044,
                    "z": -0.03687668591737747
                },
                {
                    "x": 0.4029134511947632,
                    "y": 0.6260102987289429,
                    "z": -0.0447734072804451
                },
                {
                    "x": 0.39817821979522705,
                    "y": 0.6629471778869629,
                    "z": -0.0449787937104702
                },
                {
                    "x": 0.39596349000930786,
                    "y": 0.6936913728713989,
                    "z": -0.045237042009830475
                }
            ]
        ]
    },
    {
        "hands": [
            [
                {
                    "x": 0.443081259727478,
                    "y": 0.537128210067749,
                    "z": -1.88435762993322e-07
                },
                {
                    "x": 0.4687904715538025,
                    "y": 0.5536381602287292,
                    "z": -0.018042653799057007
                },
                {
                    "x": 0.4956996440887451,
                    "y": 0.5393111109733582,
                    "z": -0.02918092906475067
                },
                {
                    "x": 0.5097711682319641,
                    "y": 0.5116487741470337,
                    "z": -0.038891397416591644
                },
                {
                    "x": 0.5116358995437622,
                    "y": 0.48004332184791565,
                    "z": -0.048130590468645096
                },
                {
                    "x": 0.5075786113739014,
                    "y": 0.46184924244880676,
                    "z": -0.024762414395809174
                },
                {
                    "x": 0.5065620541572571,
                    "y": 0.45231562852859497,
                    "z": -0.04903416335582733
                },
                {
                    "x": 0.48799458146095276,
                    "y": 0.48415935039520264,
                    "z": -0.06347301602363586
                },
                {
                    "x": 0.47480109333992004,
                    "y": 0.5170484185218811,
                    "z": -0.0700666531920433
                },
                {
                    "x": 0.4858970046043396,
                    "y": 0.43340545892715454,
                    "z": -0.024833843111991882
                },
                {
                    "x": 0.4817579388618469,
                    "y": 0.4275951087474823,
                    "z": -0.049345556646585464
                },
                {
                    "x": 0.46317586302757263,
                    "y": 0.47217148542404175,
                    "z": -0.05689937621355057
                },
                {
                    "x": 0.4515165686607361,
                    "y": 0.5135881900787354,
                    "z": -0.057113729417324066
                },
                {
                    "x": 0.4621134400367737,
                    "y": 0.42159587144851685,
                    "z": -0.027278129011392593
                },
                {
                    "x": 0.4504261016845703,
                    "y": 0.4312174916267395,
                    "z": -0.05091245472431183
                },
                {
                    "x": 0.43687134981155396,
                    "y": 0.47859108448028564,
                    "z": -0.0501985028386116
                },
                {
                    "x": 0.4307723641395569,
                    "y": 0.516739547252655,
                    "z": -0.04443974792957306
                },
                {
                    "x": 0.4389914572238922,
                    "y": 0.42363160848617554,
                    "z": -0.030977284535765648
                },
                {
                    "x": 0.4273940622806549,
                    "y": 0.43856748938560486,
                    "z": -0.048485495150089264
                },
                {
                    "x": 0.4187626838684082,
                    "y": 0.4773595929145813,
                    "z": -0.04735662043094635
                },
                {
                    "x": 0.4168074131011963,
                    "y": 0.5080422163009644,
                    "z": -0.04215727746486664
                }
            ]
        ]
    },
    {
        "hands": [
            [
                {
                    "x": 0.447135865688324,
                    "y": 0.5306375622749329,
                    "z": 2.5599989683655622e-08
                },
                {
                    "x": 0.4751727283000946,
                    "y": 0.5219173431396484,
                    "z": -0.004663972184062004
                },
                {
                    "x": 0.501505434513092,
                    "y": 0.49872875213623047,
                    "z": -0.008078068494796753
                },
                {
                    "x": 0.5137214660644531,
                    "y": 0.46784448623657227,
                    "z": -0.012477822601795197
                },
                {
                    "x": 0.5048519968986511,
                    "y": 0.4428081512451172,
                    "z": -0.016755038872361183
                },
                {
                    "x": 0.4981887638568878,
                    "y": 0.435350239276886,
                    "z": -0.000733488705009222
                },
                {
                    "x": 0.5074912905693054,
                    "y": 0.41149309277534485,
                    "z": -0.011360077187418938
                },
                {
                    "x": 0.5067070126533508,
                    "y": 0.43539875745773315,
                    "z": -0.02017442137002945
                },
                {
                    "x": 0.5035195350646973,
                    "y": 0.46215590834617615,
                    "z": -0.024486955255270004
                },
                {
                    "x": 0.4806998670101166,
                    "y": 0.42440223693847656,
                    "z": -0.003194435965269804
                },
                {
                    "x": 0.4881516993045807,
                    "y": 0.4007300138473511,
                    "z": -0.010908257216215134
                },
                {
                    "x": 0.4877104163169861,
                    "y": 0.42757323384284973,
                    "z": -0.014988468959927559
                },
                {
                    "x": 0.4848420321941376,
                    "y": 0.45372748374938965,
                    "z": -0.01661328785121441
                },
                {
                    "x": 0.46071791648864746,
                    "y": 0.4208013117313385,
                    "z": -0.007097277324646711
                },
                {
                    "x": 0.4665420353412628,
                    "y": 0.4037221670150757,
                    "z": -0.013761982321739197
                },
                {
                    "x": 0.466994971036911,
                    "y": 0.4312177300453186,
                    "z": -0.01121376734226942
                },
                {
                    "x": 0.46514084935188293,
                    "y": 0.45540493726730347,
                    "z": -0.008290187455713749
                },
                {
                    "x": 0.44008857011795044,
                    "y": 0.42528295516967773,
                    "z": -0.01171681098639965
                },
                {
                    "x": 0.4463057219982147,
                    "y": 0.41044706106185913,
                    "z": -0.015335501171648502
                },
                {
                    "x": 0.448727011680603,
                    "y": 0.4324067234992981,
                    "z": -0.010708765126764774
                },
                {
                    "x": 0.4481983780860901,
                    "y": 0.4523046910762787,
                    "z": -0.00616632541641593
                }
            ]
        ]
    },
    {
        "hands": [
            [
                {
                    "x": 0.4674595892429352,
                    "y": 0.4640636146068573,
                    "z": -9.893627606061273e-08
                },
                {
                    "x": 0.4953482151031494,
                    "y": 0.4533114433288574,
                    "z": -0.010506165213882923
                },
                {
                    "x": 0.5205841660499573,
                    "y": 0.4265466034412384,
                    "z": -0.018398813903331757
                },
                {
                    "x": 0.5166827440261841,
                    "y": 0.3919752240180969,
                    "z": -0.025534922257065773
                },
                {
                    "x": 0.4939749836921692,
                    "y": 0.37679919600486755,
                    "z": -0.03097410313785076
                },
                {
                    "x": 0.5112176537513733,
                    "y": 0.313535213470459,
                    "z": -0.008959644474089146
                },
                {
                    "x": 0.5096584558486938,
                    "y": 0.3465043604373932,
                    "z": -0.02491000108420849
                },
                {
                    "x": 0.504155695438385,
                    "y": 0.38855886459350586,
                    "z": -0.03592885285615921
                },
                {
                    "x": 0.5027475953102112,
                    "y": 0.402481347322464,
                    "z": -0.04230843484401703
                },
                {
                    "x": 0.48665350675582886,
                    "y": 0.29989349842071533,
                    "z": -0.011676985770463943
                },
                {
                    "x": 0.48743683099746704,
                    "y": 0.3514721989631653,
                    "z": -0.02442844584584236
                },
                {
                    "x": 0.48594969511032104,
                    "y": 0.3980388045310974,
                    "z": -0.028735190629959106
                },
                {
                    "x": 0.4855189025402069,
                    "y": 0.4080033302307129,
                    "z": -0.03006639890372753
                },
                {
                    "x": 0.46205464005470276,
                    "y": 0.30748796463012695,
                    "z": -0.016381600871682167
                },
                {
                    "x": 0.46508488059043884,
                    "y": 0.36829572916030884,
                    "z": -0.028877854347229004
                },
                {
                    "x": 0.4680987596511841,
                    "y": 0.40513497591018677,
                    "z": -0.027965132147073746
                },
                {
                    "x": 0.4698615074157715,
                    "y": 0.40717753767967224,
                    "z": -0.025681564584374428
                },
                {
                    "x": 0.4399286210536957,
                    "y": 0.3292393088340759,
                    "z": -0.022266868501901627
                },
                {
                    "x": 0.44477179646492004,
                    "y": 0.3799957036972046,
                    "z": -0.029820386320352554
                },
                {
                    "x": 0.45040658116340637,
                    "y": 0.40996837615966797,
                    "z": -0.027726290747523308
                },
                {
                    "x": 0.45462673902511597,
                    "y": 0.41291457414627075,
                    "z": -0.0244800616055727
                }
            ],
            [
                {
                    "x": 0.4470861852169037,
                    "y": 0.4899453818798065,
                    "z": -2.6399471053650814e-08
                },
                {
                    "x": 0.4843302369117737,
                    "y": 0.4680028557777405,
                    "z": -0.00778640853241086
                },
                {
                    "x": 0.5147345066070557,
                    "y": 0.43829137086868286,
                    "z": -0.01277734525501728
                },
                {
                    "x": 0.5136467218399048,
                    "y": 0.3954724669456482,
                    "z": -0.017472442239522934
                },
                {
                    "x": 0.49150002002716064,
                    "y": 0.37733808159828186,
                    "z": -0.020354755222797394
                },
                {
                    "x": 0.5041765570640564,
                    "y": 0.36272239685058594,
                    "z": -0.0005689257523044944
                },
                {
                    "x": 0.5094881653785706,
                    "y": 0.37852999567985535,
                    "z": -0.014515950344502926
                },
                {
                    "x": 0.501323938369751,
                    "y": 0.4130202531814575,
                    "z": -0.025627635419368744
                },
                {
                    "x": 0.49438047409057617,
                    "y": 0.4262225329875946,
                    "z": -0.03161459416151047
                },
                {
                    "x": 0.4824973940849304,
                    "y": 0.3414832353591919,
                    "z": -0.0020586380269378424
                },
                {
                    "x": 0.48780307173728943,
                    "y": 0.37063702940940857,
                    "z": -0.012234870344400406
                },
                {
                    "x": 0.48558229207992554,
                    "y": 0.40975937247276306,
                    "z": -0.0163022018969059
                },
                {
                    "x": 0.4831705093383789,
                    "y": 0.4248460829257965,
                    "z": -0.016929564997553825
                },
                {
                    "x": 0.4612848460674286,
                    "y": 0.33756184577941895,
                    "z": -0.005562723148614168
                },
                {
                    "x": 0.46629470586776733,
                    "y": 0.3735674023628235,
                    "z": -0.01270650327205658
                },
                {
                    "x": 0.4685618579387665,
                    "y": 0.40680378675460815,
                    "z": -0.008778774179518223
                },
                {
                    "x": 0.46896329522132874,
                    "y": 0.41612327098846436,
                    "z": -0.004630013834685087
                },
                {
                    "x": 0.4410894215106964,
                    "y": 0.34793952107429504,
                    "z": -0.010562856681644917
                },
                {
                    "x": 0.44727638363838196,
                    "y": 0.3810032308101654,
                    "z": -0.012847310863435268
                },
                {
                    "x": 0.45123159885406494,
                    "y": 0.4071047306060791,
                    "z": -0.00823327898979187
                },
                {
                    "x": 0.45362213253974915,
                    "y": 0.413772314786911,
                    "z": -0.0033608637750148773
                }
            ]
        ]
    },
    {
        "hands": [
            [
                {
                    "x": 0.4535447955131531,
                    "y": 0.4814911484718323,
                    "z": -9.182635807292172e-08
                },
                {
                    "x": 0.4816073179244995,
                    "y": 0.475578248500824,
                    "z": -0.01514276023954153
                },
                {
                    "x": 0.5094388723373413,
                    "y": 0.4556567668914795,
                    "z": -0.02493285946547985
                },
                {
                    "x": 0.5114247798919678,
                    "y": 0.41997504234313965,
                    "z": -0.03331766277551651
                },
                {
                    "x": 0.4901856780052185,
                    "y": 0.40009018778800964,
                    "z": -0.04032546654343605
                },
                {
                    "x": 0.5052024126052856,
                    "y": 0.3472307324409485,
                    "z": -0.012686590664088726
                },
                {
                    "x": 0.49896731972694397,
                    "y": 0.3644949197769165,
                    "z": -0.03156227245926857
                },
                {
                    "x": 0.4912596046924591,
                    "y": 0.4046379029750824,
                    "z": -0.04472360759973526
                },
                {
                    "x": 0.4905000329017639,
                    "y": 0.4275290369987488,
                    "z": -0.05138179659843445
                },
                {
                    "x": 0.4819655418395996,
                    "y": 0.3295894265174866,
                    "z": -0.012098773382604122
                },
                {
                    "x": 0.47511234879493713,
                    "y": 0.3595599830150604,
                    "z": -0.026201745495200157
                },
                {
                    "x": 0.47057536244392395,
                    "y": 0.40008988976478577,
                    "z": -0.030510053038597107
                },
                {
                    "x": 0.47137337923049927,
                    "y": 0.4185611605644226,
                    "z": -0.03131180256605148
                },
                {
                    "x": 0.4577198624610901,
                    "y": 0.32941824197769165,
                    "z": -0.014002623967826366
                },
                {
                    "x": 0.45147427916526794,
                    "y": 0.36765849590301514,
                    "z": -0.026420898735523224
                },
                {
                    "x": 0.4511874318122864,
                    "y": 0.4062415659427643,
                    "z": -0.023337217047810555
                },
                {
                    "x": 0.4543379843235016,
                    "y": 0.42354029417037964,
                    "z": -0.019237469881772995
                },
                {
                    "x": 0.43576309084892273,
                    "y": 0.3430616557598114,
                    "z": -0.017760008573532104
                },
                {
                    "x": 0.4316987097263336,
                    "y": 0.3782685399055481,
                    "z": -0.02523929439485073
                },
                {
                    "x": 0.4340110421180725,
                    "y": 0.4133417308330536,
                    "z": -0.021894874051213264
                },
                {
                    "x": 0.43836548924446106,
                    "y": 0.4305346608161926,
                    "z": -0.017030756920576096
                }
            ]
        ]
    },
    {
        "hands": [
            [
                {
                    "x": 0.4532916247844696,
                    "y": 0.4548202157020569,
                    "z": -1.377828198201314e-07
                },
                {
                    "x": 0.4793738126754761,
                    "y": 0.45655810832977295,
                    "z": -0.016250737011432648
                },
                {
                    "x": 0.4992154836654663,
                    "y": 0.4636591672897339,
                    "z": -0.032367072999477386
                },
                {
                    "x": 0.4993033707141876,
                    "y": 0.4756429195404053,
                    "z": -0.0480516217648983
                },
                {
                    "x": 0.48762059211730957,
                    "y": 0.4840444326400757,
                    "z": -0.06413433700799942
                },
                {
                    "x": 0.5029253959655762,
                    "y": 0.36397236585617065,
                    "z": -0.027581671252846718
                },
                {
                    "x": 0.4993038475513458,
                    "y": 0.42928096652030945,
                    "z": -0.05492985248565674
                },
                {
                    "x": 0.4877806007862091,
                    "y": 0.480232298374176,
                    "z": -0.07498248666524887
                },
                {
                    "x": 0.47889891266822815,
                    "y": 0.514372706413269,
                    "z": -0.08586308360099792
                },
                {
                    "x": 0.47471529245376587,
                    "y": 0.3474784195423126,
                    "z": -0.029333533719182014
                },
                {
                    "x": 0.47287845611572266,
                    "y": 0.4230874478816986,
                    "z": -0.05267681926488876
                },
                {
                    "x": 0.46504440903663635,
                    "y": 0.4801632761955261,
                    "z": -0.06098783016204834
                },
                {
                    "x": 0.4585338532924652,
                    "y": 0.5153409838676453,
                    "z": -0.06398995965719223
                },
                {
                    "x": 0.44640207290649414,
                    "y": 0.35177096724510193,
                    "z": -0.033181510865688324
                },
                {
                    "x": 0.4451831877231598,
                    "y": 0.42740410566329956,
                    "z": -0.05261871591210365
                },
                {
                    "x": 0.44182708859443665,
                    "y": 0.47825902700424194,
                    "z": -0.05116386339068413
                },
                {
                    "x": 0.43969637155532837,
                    "y": 0.5039334893226624,
                    "z": -0.04670482873916626
                },
                {
                    "x": 0.42212674021720886,
                    "y": 0.36992892622947693,
                    "z": -0.038767870515584946
                },
                {
                    "x": 0.423557847738266,
                    "y": 0.43168607354164124,
                    "z": -0.04991333186626434
                },
                {
                    "x": 0.4246310293674469,
                    "y": 0.4664868712425232,
                    "z": -0.047280922532081604
                },
                {
                    "x": 0.42604684829711914,
                    "y": 0.4797816872596741,
                    "z": -0.04274199157953262
                }
            ]
        ]
    }
]