[
    {
        "hands": [
            [
                {
                    "x": 0.3755561411380768,
                    "y": 0.43593883514404297,
                    "z": -1.4386651514541882e-07
                },
                {
                    "x": 0.3942680358886719,
                    "y": 0.40145933628082275,
                    "z": -0.008351069875061512
                },
                {
                    "x": 0.4025289714336395,
                    "y": 0.3568120002746582,
                    "z": -0.010238341055810452
                },
                {
                    "x": 0.4017433226108551,
                    "y": 0.32056114077568054,
                    "z": -0.012290841899812222
                },
                {
                    "x": 0.39559072256088257,
                    "y": 0.2944437563419342,
                    "z": -0.01243538036942482
                },
                {
                    "x": 0.3926754891872406,
                    "y": 0.3285956084728241,
                    "z": 0.00028749078046530485
                },
                {
                    "x": 0.3971717059612274,
                    "y": 0.29172927141189575,
                    "z": -0.011322920210659504
                },
                {
                    "x": 0.39822426438331604,
                    "y": 0.3188565969467163,
                    "z": -0.01843385398387909
                },
                {
                    "x": 0.39630261063575745,
                    "y": 0.34069719910621643,
                    "z": -0.02092735469341278
                },
                {
                    "x": 0.38095641136169434,
                    "y": 0.33133572340011597,
                    "z": 0.0010172441834583879
                },
                {
                    "x": 0.3858059048652649,
                    "y": 0.3035048842430115,
                    "z": -0.010770400054752827
                },
                {
                    "x": 0.38755136728286743,
                    "y": 0.33467212319374084,
                    "z": -0.015764502808451653
                },
                {
                    "x": 0.3854984939098358,
                    "y": 0.3541875183582306,
                    "z": -0.015847351402044296
                },
                {
                    "x": 0.3708425760269165,
                    "y": 0.33746543526649475,
                    "z": -0.000369414163287729
                },
                {
                    "x": 0.37657493352890015,
                    "y": 0.31798961758613586,
                    "z": -0.012327197007834911
                },
                {
                    "x": 0.3797643184661865,
                    "y": 0.34687164425849915,
                    "z": -0.012200172990560532
                },
                {
                    "x": 0.3784455955028534,
                    "y": 0.3647805452346802,
                    "z": -0.008257071487605572
                },
                {
                    "x": 0.3623228073120117,
                    "y": 0.3475151062011719,
                    "z": -0.0023990042973309755
                },
                {
                    "x": 0.3693225681781769,
                    "y": 0.33344945311546326,
                    "z": -0.009278392419219017
                },
                {
                    "x": 0.3726796507835388,
                    "y": 0.3545062839984894,
                    "z": -0.007196389604359865
                },
                {
                    "x": 0.3724459707736969,
                    "y": 0.3690190613269806,
                    "z": -0.0030775745399296284
                }
            ]
        ]
    },
    {
        "hands": [
            [
                {
                    "x": 0.3835361897945404,
                    "y": 0.4109414219856262,
                    "z": -9.086877383879255e-08
                },
                {
                    "x": 0.40382620692253113,
                    "y": 0.3767026960849762,
                    "z": -0.002089547459036112
                },
                {
                    "x": 0.41377130150794983,
                    "y": 0.3342498540878296,
                    "z": -0.0034355001989752054
                },
                {
                    "x": 0.4113863706588745,
                    "y": 0.3008388876914978,
                    "z": -0.006344342604279518
                },
                {
                    "x": 0.4023015797138214,
                    "y": 0.2801560163497925,
                    "z": -0.007668766658753157
                },
                {
                    "x": 0.39983949065208435,
                    "y": 0.29539093375205994,
                    "z": 0.004923723172396421
                },
                {
                    "x": 0.4082045555114746,
                    "y": 0.26955145597457886,
                    "z": -0.004309361334890127
                },
                {
                    "x": 0.411345899105072,
                    "y": 0.298696368932724,
                    "z": -0.009842666797339916
                },
                {
                    "x": 0.40884947776794434,
                    "y": 0.3138417601585388,
                    "z": -0.012154688127338886
                },
                {
                    "x": 0.3877449929714203,
                    "y": 0.2983866035938263,
                    "z": 0.002088337205350399
                },
                {
                    "x": 0.39759361743927,
                    "y": 0.28213217854499817,
                    "z": -0.006018239539116621
                },
                {
                    "x": 0.4005792737007141,
                    "y": 0.31218865513801575,
                    "z": -0.009093054570257664
                },
                {
                    "x": 0.39669907093048096,
                    "y": 0.32255131006240845,
                    "z": -0.009453646838665009
                },
                {
                    "x": 0.3767963945865631,
                    "y": 0.3068374693393707,
                    "z": -0.0023309739772230387
                },
                {
                    "x": 0.3905830681324005,
                    "y": 0.30474036931991577,
                    "z": -0.010352002456784248
                },
                {
                    "x": 0.3933471143245697,
                    "y": 0.33194172382354736,
                    "z": -0.00903776753693819
                },
                {
                    "x": 0.3886181116104126,
                    "y": 0.3395942747592926,
                    "z": -0.006312104407697916
                },
                {
                    "x": 0.3678293824195862,
                    "y": 0.32032349705696106,
                    "z": -0.007156041916459799
                },
                {
                    "x": 0.3837556540966034,
                    "y": 0.32182323932647705,
                    "z": -0.010785851627588272
                },
                {
                    "x": 0.38550302386283875,
                    "y": 0.34067392349243164,
                    "z": -0.008161623030900955
                },
                {
                    "x": 0.37910768389701843,
                    "y": 0.34654876589775085,
                    "z": -0.005027954000979662
                }
            ]
        ]
    },
    {
        "hands": [
            [
                {
                    "x": 0.39272230863571167,
                    "y": 0.3999553918838501,
                    "z": -7.147988156930296e-08
                },
                {
                    "x": 0.41195571422576904,
                    "y": 0.36952686309814453,
                    "z": -0.0002383564569754526
                },
                {
                    "x": 0.4214054048061371,
                    "y": 0.33618560433387756,
                    "z": -0.002000917447730899
                },
                {
                    "x": 0.4217556416988373,
                    "y": 0.317810595035553,
                    "z": -0.005472023040056229
                },
                {
                    "x": 0.41451871395111084,
                    "y": 0.3090106248855591,
                    "z": -0.008029738441109657
                },
                {
                    "x": 0.40208953619003296,
                    "y": 0.2761830687522888,
                    "z": 0.0020807404071092606
                },
                {
                    "x": 0.4149125814437866,
                    "y": 0.2654750645160675,
                    "z": -0.006281930021941662
                },
                {
                    "x": 0.4211558401584625,
                    "y": 0.2926371395587921,
                    "z": -0.01226028148084879
                },
                {
                    "x": 0.42220544815063477,
                    "y": 0.3108154833316803,
                    "z": -0.014992284588515759
                },
                {
                    "x": 0.3901621401309967,
                    "y": 0.280223548412323,
                    "z": -0.001607727026566863
                },
                {
                    "x": 0.40560182929039,
                    "y": 0.28538453578948975,
                    "z": -0.007952079176902771
                },
                {
                    "x": 0.41335514187812805,
                    "y": 0.3112151026725769,
                    "z": -0.010637287981808186
                },
                {
                    "x": 0.41557642817497253,
                    "y": 0.32642629742622375,
                    "z": -0.011369549669325352
                },
                {
                    "x": 0.37988659739494324,
                    "y": 0.29399120807647705,
                    "z": -0.006307991687208414
                },
                {
                    "x": 0.3975573778152466,
                    "y": 0.3099614977836609,
                    "z": -0.010984360240399837
                },
                {
                    "x": 0.40264031291007996,
                    "y": 0.33269524574279785,
                    "z": -0.010256169363856316
                },
                {
                    "x": 0.4018729627132416,
                    "y": 0.34383416175842285,
                    "z": -0.008779138326644897
                },
                {
                    "x": 0.3725923001766205,
                    "y": 0.3130820691585541,
                    "z": -0.011569412425160408
                },
                {
                    "x": 0.3885670602321625,
                    "y": 0.3270948827266693,
                    "z": -0.012614909559488297
                },
                {
                    "x": 0.39343711733818054,
                    "y": 0.3433484137058258,
                    "z": -0.010289561003446579
                },
                {
                    "x": 0.3926442861557007,
                    "y": 0.35077357292175293,
                    "z": -0.007879005745053291
                }
            ]
        ]
    },
    {
        "hands": [
            [
                {
                    "x": 0.389819473028183,
                    "y": 0.38743990659713745,
                    "z": -1.3745378169005562e-07
                },
                {
                    "x": 0.41214632987976074,
                    "y": 0.36397039890289307,
                    "z": -0.005808012094348669
                },
                {
                    "x": 0.42711734771728516,
                    "y": 0.34277623891830444,
                    "z": -0.01211819238960743
                },
                {
                    "x": 0.43334269523620605,
                    "y": 0.3361389636993408,
                    "z": -0.018935684114694595
                },
                {
                    "x": 0.432844877243042,
                    "y": 0.33770114183425903,
                    "z": -0.024866176769137383
                },
                {
                    "x": 0.411935031414032,
                    "y": 0.2744496762752533,
                    "z": -0.006800211500376463
                },
                {
                    "x": 0.43114253878593445,
                    "y": 0.31445005536079407,
                    "z": -0.01829392835497856
                },
                {
                    "x": 0.4283638596534729,
                    "y": 0.3336138427257538,
                    "z": -0.02762250229716301
                },
                {
                    "x": 0.4209883511066437,
                    "y": 0.33061134815216064,
                    "z": -0.0341445654630661
                },
                {
                    "x": 0.3986998498439789,
                    "y": 0.2853022813796997,
                    "z": -0.009572120383381844
                },
                {
                    "x": 0.4217430651187897,
                    "y": 0.33472391963005066,
                    "z": -0.017703048884868622
                },
                {
                    "x": 0.4178144335746765,
                    "y": 0.34595876932144165,
                    "z": -0.021745840087532997
                },
                {
                    "x": 0.41037195920944214,
                    "y": 0.3383066654205322,
                    "z": -0.025571884587407112
                },
                {
                    "x": 0.38749006390571594,
                    "y": 0.30549266934394836,
                    "z": -0.013543977402150631
                },
                {
                    "x": 0.4093877673149109,
                    "y": 0.35147830843925476,
                    "z": -0.019469087943434715
                },
                {
                    "x": 0.4060364067554474,
                    "y": 0.36000755429267883,
                    "z": -0.019154850393533707
                },
                {
                    "x": 0.3987208902835846,
                    "y": 0.35146838426589966,
                    "z": -0.019607294350862503
                },
                {
                    "x": 0.3785829246044159,
                    "y": 0.3292022943496704,
                    "z": -0.01880672201514244
                },
                {
                    "x": 0.396392285823822,
                    "y": 0.363453209400177,
                    "z": -0.02248968370258808
                },
                {
                    "x": 0.3953268826007843,
                    "y": 0.3709564507007599,
                    "z": -0.022141888737678528
                },
                {
                    "x": 0.3889883756637573,
                    "y": 0.3652953803539276,
                    "z": -0.021920878440141678
                }
            ]
        ]
    },
    {
        "hands": [
            [
                {
                    "x": 0.39318278431892395,
                    "y": 0.3790416419506073,
                    "z": -8.748208557562975e-08
                },
                {
                    "x": 0.4157370328903198,
                    "y": 0.36350876092910767,
                    "z": -0.005063407123088837
                },
                {
                    "x": 0.43212661147117615,
                    "y": 0.34950268268585205,
                    "z": -0.010572819039225578
                },
                {
                    "x": 0.43929600715637207,
                    "y": 0.3552623987197876,
                    "z": -0.01671610400080681
                },
                {
                    "x": 0.4345439076423645,
                    "y": 0.3727337419986725,
                    "z": -0.022268814966082573
                },
                {
                    "x": 0.4207296073436737,
                    "y": 0.2827785611152649,
                    "z": -0.006281887646764517
                },
                {
                    "x": 0.4375758171081543,
                    "y": 0.3265828788280487,
                    "z": -0.017406733706593513
                },
                {
                    "x": 0.43376800417900085,
                    "y": 0.34564507007598877,
                    "z": -0.026167409494519234
                },
                {
                    "x": 0.42838066816329956,
                    "y": 0.3445155620574951,
                    "z": -0.03218239173293114
                },
                {
                    "x": 0.40722882747650146,
                    "y": 0.29189765453338623,
                    "z": -0.009346216917037964
                },
                {
                    "x": 0.42588964104652405,
                    "y": 0.3435913920402527,
                    "z": -0.016614580526947975
                },
                {
                    "x": 0.4197814166545868,
                    "y": 0.3489021360874176,
                    "z": -0.019945519044995308
                },
                {
                    "x": 0.41364213824272156,
                    "y": 0.3380391001701355,
                    "z": -0.02337430790066719
                },
                {
                    "x": 0.39455729722976685,
                    "y": 0.3116164207458496,
                    "z": -0.013652358204126358
                },
                {
                    "x": 0.4130866527557373,
                    "y": 0.3592213988304138,
                    "z": -0.019098708406090736
                },
                {
                    "x": 0.4082120656967163,
                    "y": 0.3617483973503113,
                    "z": -0.018857315182685852
                },
                {
                    "x": 0.402804970741272,
                    "y": 0.3498571515083313,
                    "z": -0.01911129243671894
                },
                {
                    "x": 0.3844216763973236,
                    "y": 0.3352072536945343,
                    "z": -0.019143179059028625
                },
                {
                    "x": 0.4007883667945862,
                    "y": 0.3696777820587158,
                    "z": -0.022844189777970314
                },
                {
                    "x": 0.3979775011539459,
                    "y": 0.36968815326690674,
                    "z": -0.022832609713077545
                },
                {
                    "x": 0.39183247089385986,
                    "y": 0.36019232869148254,
                    "z": -0.022822046652436256
                }
            ]
        ]
    },
    {
        "hands": [
            [
                {
                    "x": 0.40889471769332886,
                    "y": 0.3757825493812561,
                    "z": -4.290956567842841e-08
                },
                {
                    "x": 0.4251370429992676,
                    "y": 0.3634451925754547,
                    "z": -0.005621796008199453
                },
                {
                    "x": 0.4358980655670166,
                    "y": 0.33179476857185364,
                    "z": -0.00882131326943636
                },
                {
                    "x": 0.43516919016838074,
                    "y": 0.3075358271598816,
                    "z": -0.012209713459014893
                },
                {
                    "x": 0.4284228980541229,
                    "y": 0.2927209138870239,
                    "z": -0.014654994010925293
                },
                {
                    "x": 0.42421954870224,
                    "y": 0.2870786786079407,
                    "z": -0.004478095099329948
                },
                {
                    "x": 0.4260514974594116,
                    "y": 0.27273473143577576,
                    "z": -0.015378796495497227
                },
                {
                    "x": 0.4305073916912079,
                    "y": 0.30310869216918945,
                    "z": -0.02155296877026558
                },
                {
                    "x": 0.4331713020801544,
                    "y": 0.3242661952972412,
                    "z": -0.02399139292538166
                },
                {
                    "x": 0.4106783866882324,
                    "y": 0.2920452356338501,
                    "z": -0.006201534997671843
                },
                {
                    "x": 0.41270825266838074,
                    "y": 0.27972689270973206,
                    "z": -0.016174975782632828
                },
                {
                    "x": 0.41878533363342285,
                    "y": 0.31303900480270386,
                    "z": -0.018021265044808388
                },
                {
                    "x": 0.42174381017684937,
                    "y": 0.3315458297729492,
                    "z": -0.017506470903754234
                },
                {
                    "x": 0.3984184265136719,
                    "y": 0.30548447370529175,
                    "z": -0.009436133317649364
                },
                {
                    "x": 0.3999074697494507,
                    "y": 0.2964628040790558,
                    "z": -0.02031487226486206
                },
                {
                    "x": 0.40716785192489624,
                    "y": 0.3250143527984619,
                    "z": -0.01786036789417267
                },
                {
                    "x": 0.4107572138309479,
                    "y": 0.3423745036125183,
                    "z": -0.013914130628108978
                },
                {
                    "x": 0.3877660632133484,
                    "y": 0.3249090909957886,
                    "z": -0.013137295842170715
                },
                {
                    "x": 0.39121586084365845,
                    "y": 0.31887170672416687,
                    "z": -0.021057261154055595
                },
                {
                    "x": 0.39825204014778137,
                    "y": 0.3384336233139038,
                    "z": -0.018815936520695686
                },
                {
                    "x": 0.4020564556121826,
                    "y": 0.35151803493499756,
                    "z": -0.015315930359065533
                }
            ]
        ]
    },
    {
        "hands": [
            [
                {
                    "x": 0.41595330834388733,
                    "y": 0.3690069019794464,
                    "z": -7.124720724505096e-08
                },
                {
                    "x": 0.42902034521102905,
                    "y": 0.34893089532852173,
                    "z": -0.004495582077652216
                },
                {
                    "x": 0.4379443824291229,
                    "y": 0.3096781373023987,
                    "z": -0.006802402436733246
                },
                {
                    "x": 0.4316835105419159,
                    "y": 0.28003522753715515,
                    "z": -0.00909356027841568
                },
                {
                    "x": 0.42389097809791565,
                    "y": 0.2620735168457031,
                    "z": -0.01010380033403635
                },
                {
                    "x": 0.41503429412841797,
                    "y": 0.270637571811676,
                    "z": -0.0019366637570783496
                },
                {
                    "x": 0.42596179246902466,
                    "y": 0.25793492794036865,
                    "z": -0.010172179900109768
                },
                {
                    "x": 0.42982104420661926,
                    "y": 0.28670844435691833,
                    "z": -0.01418866403400898
                },
                {
                    "x": 0.4266811013221741,
                    "y": 0.29750946164131165,
                    "z": -0.01578856073319912
                },
                {
                    "x": 0.40330013632774353,
                    "y": 0.2761969268321991,
                    "z": -0.00324879284016788
                },
                {
                    "x": 0.41700297594070435,
                    "y": 0.26899296045303345,
                    "z": -0.009819293394684792
                },
                {
                    "x": 0.4218427240848541,
                    "y": 0.29951152205467224,
                    "z": -0.01064808014780283
                },
                {
                    "x": 0.4177677035331726,
                    "y": 0.3069952428340912,
                    "z": -0.010250955820083618
                },
                {
                    "x": 0.39413076639175415,
                    "y": 0.28836512565612793,
                    "z": -0.005783288273960352
                },
                {
                    "x": 0.4096565842628479,
                    "y": 0.28476622700691223,
                    "z": -0.013937368988990784
                },
                {
                    "x": 0.41482651233673096,
                    "y": 0.31338122487068176,
                    "z": -0.011220937594771385
                },
                {
                    "x": 0.4103028178215027,
                    "y": 0.3212921917438507,
                    "z": -0.008062697947025299
                },
                {
                    "x": 0.38651278614997864,
                    "y": 0.3055231273174286,
                    "z": -0.008570011705160141
                },
                {
                    "x": 0.4029293656349182,
                    "y": 0.30316752195358276,
                    "z": -0.013593313284218311
                },
                {
                    "x": 0.4070585370063782,
                    "y": 0.32443132996559143,
                    "z": -0.010621978901326656
                },
                {
                    "x": 0.4019949734210968,
                    "y": 0.3325280249118805,
                    "z": -0.00736600486561656
                }
            ]
        ]
    },
    {
        "hands": [
            [
                {
                    "x": 0.41370242834091187,
                    "y": 0.37460190057754517,
                    "z": -1.3847780166997836e-07
                },
                {
                    "x": 0.4300844669342041,
                    "y": 0.35252538323402405,
                    "z": -0.006902933120727539
                },
                {
                    "x": 0.43983545899391174,
                    "y": 0.3105050325393677,
                    "z": -0.009558920748531818
                },
                {
                    "x": 0.4331858456134796,
                    "y": 0.2779870629310608,
                    "z": -0.012163379229605198
                },
                {
                    "x": 0.42299649119377136,
                    "y": 0.2581592798233032,
                    "z": -0.01259929221123457
                },
                {
                    "x": 0.4204362630844116,
                    "y": 0.2736760675907135,
                    "z": 0.0014424561522901058
                },
                {
                    "x": 0.43005919456481934,
                    "y": 0.2535618543624878,
                    "z": -0.009328153915703297
                },
                {
                    "x": 0.4346070885658264,
                    "y": 0.28203433752059937,
                    "z": -0.013916836120188236
                },
                {
                    "x": 0.4308801293373108,
                    "y": 0.29465028643608093,
                    "z": -0.015396390110254288
                },
                {
                    "x": 0.40824007987976074,
                    "y": 0.27707457542419434,
                    "z": 0.0007535020704381168
                },
                {
                    "x": 0.4199966788291931,
                    "y": 0.2642071545124054,
                    "z": -0.009745173156261444
                },
                {
                    "x": 0.4255325198173523,
                    "y": 0.2988155484199524,
                    "z": -0.011488285847008228
                },
                {
                    "x": 0.4202333688735962,
                    "y": 0.30391648411750793,
                    "z": -0.010104953311383724
                },
                {
                    "x": 0.3984546959400177,
                    "y": 0.28590697050094604,
                    "z": -0.00217701168730855
                },
                {
                    "x": 0.4125674068927765,
                    "y": 0.28322839736938477,
                    "z": -0.014648939482867718
                },
                {
                    "x": 0.41797903180122375,
                    "y": 0.3146091103553772,
                    "z": -0.013048898428678513
                },
                {
                    "x": 0.41205766797065735,
                    "y": 0.31850728392601013,
                    "z": -0.008926515467464924
                },
                {
                    "x": 0.3896684944629669,
                    "y": 0.2994265556335449,
                    "z": -0.005550762638449669
                },
                {
                    "x": 0.40514132380485535,
                    "y": 0.3000592887401581,
                    "z": -0.013235202990472317
                },
                {
                    "x": 0.4089423418045044,
                    "y": 0.3214966654777527,
                    "z": -0.011856543831527233
                },
                {
                    "x": 0.4021221995353699,
                    "y": 0.3255409002304077,
                    "z": -0.00879034586250782
                }
            ]
        ]
    },
    {
        "hands": [
            [
                {
                    "x": 0.4126994013786316,
                    "y": 0.38507917523384094,
                    "z": -1.614435660712843e-07
                },
                {
                    "x": 0.430465966463089,
                    "y": 0.36195242404937744,
                    "z": -0.006066653411835432
                },
                {
                    "x": 0.44216975569725037,
                    "y": 0.3226544260978699,
                    "z": -0.008603833615779877
                },
                {
                    "x": 0.43831732869148254,
                    "y": 0.2890990078449249,
                    "z": -0.011534461751580238
                },
                {
                    "x": 0.4290724992752075,
                    "y": 0.26702621579170227,
                    "z": -0.012513775378465652
                },
                {
                    "x": 0.4256959557533264,
                    "y": 0.28004613518714905,
                    "z": 0.0011893069604411721
                },
                {
                    "x": 0.434064656496048,
                    "y": 0.25946786999702454,
                    "z": -0.009107007645070553
                },
                {
                    "x": 0.43789365887641907,
                    "y": 0.29000335931777954,
                    "z": -0.013511479832231998
                },
                {
                    "x": 0.43451979756355286,
                    "y": 0.30155810713768005,
                    "z": -0.014944036491215229
                },
                {
                    "x": 0.413631409406662,
                    "y": 0.28220075368881226,
                    "z": 0.00010256141831632704
                },
                {
                    "x": 0.4244878888130188,
                    "y": 0.2734151780605316,
                    "z": -0.009243197739124298
                },
                {
                    "x": 0.42856720089912415,
                    "y": 0.30814626812934875,
                    "z": -0.010811051353812218
                },
                {
                    "x": 0.4232134521007538,
                    "y": 0.3118577003479004,
                    "z": -0.009879379533231258
                },
                {
                    "x": 0.4033229649066925,
                    "y": 0.2906082272529602,
                    "z": -0.003039477625861764
                },
                {
                    "x": 0.4163331091403961,
                    "y": 0.2894507348537445,
                    "z": -0.014557397924363613
                },
                {
                    "x": 0.4208574891090393,
                    "y": 0.3216789662837982,
                    "z": -0.012646134942770004
                },
                {
                    "x": 0.4153200089931488,
                    "y": 0.325967401266098,
                    "z": -0.00874574575573206
                },
                {
                    "x": 0.3936271369457245,
                    "y": 0.30398187041282654,
                    "z": -0.00658273184671998
                },
                {
                    "x": 0.40841972827911377,
                    "y": 0.3054322302341461,
                    "z": -0.013556930236518383
                },
                {
                    "x": 0.41194283962249756,
                    "y": 0.3286246955394745,
                    "z": -0.011454478837549686
                },
                {
                    "x": 0.40574896335601807,
                    "y": 0.3338301181793213,
                    "z": -0.008060422725975513
                }
            ]
        ]
    },
    {
        "hands": [
            [
                {
                    "x": 0.41546550393104553,
                    "y": 0.3981608748435974,
                    "z": -1.6297950367061276e-07
                },
                {
                    "x": 0.43338486552238464,
                    "y": 0.3754234313964844,
                    "z": -0.00429729325696826
                },
                {
                    "x": 0.4458698332309723,
                    "y": 0.3394114673137665,
                    "z": -0.006563705857843161
                },
                {
                    "x": 0.44364485144615173,
                    "y": 0.30832695960998535,
                    "z": -0.009609033353626728
                },
                {
                    "x": 0.4354853928089142,
                    "y": 0.2860952913761139,
                    "z": -0.011034240946173668
                },
                {
                    "x": 0.42991650104522705,
                    "y": 0.2906171381473541,
                    "z": 0.0008772774017415941
                },
                {
                    "x": 0.4405834376811981,
                    "y": 0.2697751224040985,
                    "z": -0.009340682998299599
                },
                {
                    "x": 0.44355446100234985,
                    "y": 0.29996323585510254,
                    "z": -0.014635567553341389
                },
                {
                    "x": 0.44110220670700073,
                    "y": 0.31597715616226196,
                    "z": -0.0164855495095253
                },
                {
                    "x": 0.41786110401153564,
                    "y": 0.2903362512588501,
                    "z": -0.0008167873602360487
                },
                {
                    "x": 0.43080979585647583,
                    "y": 0.2885289192199707,
                    "z": -0.009329713881015778
                },
                {
                    "x": 0.4334164559841156,
                    "y": 0.32146134972572327,
                    "z": -0.011283286847174168
                },
                {
                    "x": 0.42958614230155945,
                    "y": 0.3300985097885132,
                    "z": -0.010899492539465427
                },
                {
                    "x": 0.40714162588119507,
                    "y": 0.29797685146331787,
                    "z": -0.004242260009050369
                },
                {
                    "x": 0.4222889840602875,
                    "y": 0.30611535906791687,
                    "z": -0.013342371210455894
                },
                {
                    "x": 0.4250102639198303,
                    "y": 0.3356603682041168,
                    "z": -0.011783361434936523
                },
                {
                    "x": 0.42092010378837585,
                    "y": 0.34273993968963623,
                    "z": -0.008748725987970829
                },
                {
                    "x": 0.3973759114742279,
                    "y": 0.3115892708301544,
                    "z": -0.008163344115018845
                },
                {
                    "x": 0.41312411427497864,
                    "y": 0.32174891233444214,
                    "z": -0.012968906201422215
                },
                {
                    "x": 0.41559168696403503,
                    "y": 0.343577116727829,
                    "z": -0.010837496258318424
                },
                {
                    "x": 0.4107905924320221,
                    "y": 0.349783718585968,
                    "z": -0.007823019288480282
                }
            ]
        ]
    },
    {
        "hands": [
            [
                {
                    "x": 0.41791459918022156,
                    "y": 0.4129055440425873,
                    "z": -1.51134400994124e-07
                },
                {
                    "x": 0.436932772397995,
                    "y": 0.3900511562824249,
                    "z": -0.004392694681882858
                },
                {
                    "x": 0.4497329294681549,
                    "y": 0.3606111705303192,
                    "z": -0.007917804643511772
                },
                {
                    "x": 0.4484456181526184,
                    "y": 0.3384370803833008,
                    "z": -0.012130744755268097
                },
                {
                    "x": 0.44048744440078735,
                    "y": 0.3223845362663269,
                    "z": -0.01533205434679985
                },
                {
                    "x": 0.4324224293231964,
                    "y": 0.29851552844047546,
                    "z": -0.0027255299501121044
                },
                {
                    "x": 0.44559887051582336,
                    "y": 0.2915020287036896,
                    "z": -0.012223795987665653
                },
                {
                    "x": 0.4470571279525757,
                    "y": 0.3214084506034851,
                    "z": -0.018343256786465645
                },
                {
                    "x": 0.4444529414176941,
                    "y": 0.33716586232185364,
                    "z": -0.02113773673772812
                },
                {
                    "x": 0.4194164276123047,
                    "y": 0.3000394403934479,
                    "z": -0.00454335892572999
                },
                {
                    "x": 0.43415793776512146,
                    "y": 0.3097788095474243,
                    "z": -0.011986708268523216
                },
                {
                    "x": 0.4351394474506378,
                    "y": 0.34043553471565247,
                    "z": -0.014113415963947773
                },
                {
                    "x": 0.4326985776424408,
                    "y": 0.35366350412368774,
                    "z": -0.014227059669792652
                },
                {
                    "x": 0.4080270826816559,
                    "y": 0.31046342849731445,
                    "z": -0.007595933508127928
                },
                {
                    "x": 0.4237612187862396,
                    "y": 0.3279606103897095,
                    "z": -0.014630625024437904
                },
                {
                    "x": 0.42550405859947205,
                    "y": 0.3557050824165344,
                    "z": -0.012829561717808247
                },
                {
                    "x": 0.4233233332633972,
                    "y": 0.3687247633934021,
                    "z": -0.01005241833627224
                },
                {
                    "x": 0.3984077572822571,
                    "y": 0.3264366686344147,
                    "z": -0.011345176957547665
                },
                {
                    "x": 0.4127271771430969,
                    "y": 0.3406049907207489,
                    "z": -0.014663352631032467
                },
                {
                    "x": 0.4163661301136017,
                    "y": 0.36290132999420166,
                    "z": -0.011762773618102074
                },
                {
                    "x": 0.41563454270362854,
                    "y": 0.3741762638092041,
                    "z": -0.008254745043814182
                }
            ]
        ]
    },
    {
        "hands": [
            [
                {
                    "x": 0.417756050825119,
                    "y": 0.4218512177467346,
                    "z": -1.9285367613974813e-07
                },
                {
                    "x": 0.43651336431503296,
                    "y": 0.4075027108192444,
                    "z": -0.005761789623647928
                },
                {
                    "x": 0.45128342509269714,
                    "y": 0.3888511061668396,
                    "z": -0.010924441739916801
                },
                {
                    "x": 0.45029109716415405,
                    "y": 0.37274760007858276,
                    "z": -0.016150182113051414
                },
                {
                    "x": 0.4428132176399231,
                    "y": 0.3625233471393585,
                    "z": -0.020413296297192574
                },
                {
                    "x": 0.4414849579334259,
                    "y": 0.3181487023830414,
                    "z": -0.006451448425650597
                },
                {
                    "x": 0.4459115266799927,
                    "y": 0.3283005654811859,
                    "z": -0.017607102170586586
                },
                {
                    "x": 0.4456847608089447,
                    "y": 0.3592241108417511,
                    "z": -0.02525177039206028
                },
                {
                    "x": 0.44526833295822144,
                    "y": 0.37938883900642395,
                    "z": -0.028786133974790573
                },
                {
                    "x": 0.42570656538009644,
                    "y": 0.31808653473854065,
                    "z": -0.00766213471069932
                },
                {
                    "x": 0.4311671555042267,
                    "y": 0.34417724609375,
                    "z": -0.016124995425343513
                },
                {
                    "x": 0.43256136775016785,
                    "y": 0.3761613368988037,
                    "z": -0.018533822149038315
                },
                {
                    "x": 0.4324565827846527,
                    "y": 0.3945139944553375,
                    "z": -0.0187283456325531
                },
                {
                    "x": 0.4116308391094208,
                    "y": 0.3282238841056824,
                    "z": -0.010046673938632011
                },
                {
                    "x": 0.4177854359149933,
                    "y": 0.36062684655189514,
                    "z": -0.016963746398687363
                },
                {
                    "x": 0.4212082028388977,
                    "y": 0.3860996961593628,
                    "z": -0.015188485383987427
                },
                {
                    "x": 0.4218137264251709,
                    "y": 0.40072667598724365,
                    "z": -0.012479818426072598
                },
                {
                    "x": 0.400197833776474,
                    "y": 0.34428641200065613,
                    "z": -0.013360610231757164
                },
                {
                    "x": 0.4058082103729248,
                    "y": 0.37255150079727173,
                    "z": -0.01656845398247242
                },
                {
                    "x": 0.40983521938323975,
                    "y": 0.3937959671020508,
                    "z": -0.014150637201964855
                },
                {
                    "x": 0.41098758578300476,
                    "y": 0.4040350914001465,
                    "z": -0.010868847370147705
                }
            ]
        ]
    },
    {
        "hands": [
            [
                {
                    "x": 0.41883420944213867,
                    "y": 0.43612509965896606,
                    "z": -1.2527634396519716e-07
                },
                {
                    "x": 0.4361930191516876,
                    "y": 0.4274825155735016,
                    "z": -0.005468200892210007
                },
                {
                    "x": 0.45132195949554443,
                    "y": 0.41439175605773926,
                    "z": -0.011283915489912033
                },
                {
                    "x": 0.45415356755256653,
                    "y": 0.4053727090358734,
                    "z": -0.0172121524810791
                },
                {
                    "x": 0.4462803602218628,
                    "y": 0.4033876359462738,
                    "z": -0.022425087168812752
                },
                {
                    "x": 0.4407167434692383,
                    "y": 0.3374670147895813,
                    "z": -0.007382522337138653
                },
                {
                    "x": 0.4501700699329376,
                    "y": 0.36579057574272156,
                    "z": -0.018519967794418335
                },
                {
                    "x": 0.4499190151691437,
                    "y": 0.3894193470478058,
                    "z": -0.026869913563132286
                },
                {
                    "x": 0.44763100147247314,
                    "y": 0.39512062072753906,
                    "z": -0.031865444034338
                },
                {
                    "x": 0.42564764618873596,
                    "y": 0.3400310277938843,
                    "z": -0.009880321100354195
                },
                {
                    "x": 0.43782517313957214,
                    "y": 0.38122767210006714,
                    "z": -0.016551990061998367
                },
                {
                    "x": 0.43865278363227844,
                    "y": 0.4017234444618225,
                    "z": -0.019221387803554535
                },
                {
                    "x": 0.4368874728679657,
                    "y": 0.4033021926879883,
                    "z": -0.02164618857204914
                },
                {
                    "x": 0.41193345189094543,
                    "y": 0.3540578782558441,
                    "z": -0.013525680638849735
                },
                {
                    "x": 0.42489755153656006,
                    "y": 0.39586132764816284,
                    "z": -0.019164325669407845
                },
                {
                    "x": 0.426637202501297,
                    "y": 0.4125085771083832,
                    "z": -0.018280038610100746
                },
                {
                    "x": 0.42454302310943604,
                    "y": 0.4114365875720978,
                    "z": -0.017952393740415573
                },
                {
                    "x": 0.4007347524166107,
                    "y": 0.3745734691619873,
                    "z": -0.018154742196202278
                },
                {
                    "x": 0.41260239481925964,
                    "y": 0.40699461102485657,
                    "z": -0.020753052085638046
                },
                {
                    "x": 0.41534706950187683,
                    "y": 0.4211362302303314,
                    "z": -0.01896030828356743
                },
                {
                    "x": 0.4137767553329468,
                    "y": 0.4206656217575073,
                    "z": -0.017545579001307487
                }
            ]
        ]
    },
    {
        "hands": [
            [
                {
                    "x": 0.4246165156364441,
                    "y": 0.45286574959754944,
                    "z": -1.0291662277950309e-07
                },
                {
                    "x": 0.4393368065357208,
                    "y": 0.4454329013824463,
                    "z": -0.006168655585497618
                },
                {
                    "x": 0.452597439289093,
                    "y": 0.4304910898208618,
                    "z": -0.01180321630090475
                },
                {
                    "x": 0.4573308229446411,
                    "y": 0.41887369751930237,
                    "z": -0.01731986552476883
                },
                {
                    "x": 0.4499584138393402,
                    "y": 0.4133952558040619,
                    "z": -0.022029506042599678
                },
                {
                    "x": 0.439098596572876,
                    "y": 0.35254955291748047,
                    "z": -0.0078965462744236
                },
                {
                    "x": 0.4517965018749237,
                    "y": 0.38023141026496887,
                    "z": -0.01870669610798359
                },
                {
                    "x": 0.4501582384109497,
                    "y": 0.3998491168022156,
                    "z": -0.026804227381944656
                },
                {
                    "x": 0.44659364223480225,
                    "y": 0.4009300172328949,
                    "z": -0.03199844807386398
                },
                {
                    "x": 0.4245328903198242,
                    "y": 0.35695064067840576,
                    "z": -0.010210663080215454
                },
                {
                    "x": 0.4397478997707367,
                    "y": 0.3977723717689514,
                    "z": -0.01764708012342453
                },
                {
                    "x": 0.4384635090827942,
                    "y": 0.41553306579589844,
                    "z": -0.020622113719582558
                },
                {
                    "x": 0.43529072403907776,
                    "y": 0.4138621687889099,
                    "z": -0.023176632821559906
                },
                {
                    "x": 0.4120136499404907,
                    "y": 0.3731257915496826,
                    "z": -0.013673827052116394
                },
                {
                    "x": 0.42794156074523926,
                    "y": 0.4143355190753937,
                    "z": -0.020235860720276833
                },
                {
                    "x": 0.4280853569507599,
                    "y": 0.4294394552707672,
                    "z": -0.01955607160925865
                },
                {
                    "x": 0.4252060651779175,
                    "y": 0.4265102744102478,
                    "z": -0.01918671280145645
                },
                {
                    "x": 0.40227803587913513,
                    "y": 0.3957854211330414,
                    "z": -0.018178990110754967
                },
                {
                    "x": 0.41667917370796204,
                    "y": 0.4290778338909149,
                    "z": -0.02220744453370571
                },
                {
                    "x": 0.4188365638256073,
                    "y": 0.44200775027275085,
                    "z": -0.02148895151913166
                },
                {
                    "x": 0.41701021790504456,
                    "y": 0.4403747320175171,
                    "z": -0.02063395269215107
                }
            ]
        ]
    },
    {
        "hands": [
            [
                {
                    "x": 0.41858914494514465,
                    "y": 0.4860163927078247,
                    "z": -1.645233567160176e-07
                },
                {
                    "x": 0.4398902356624603,
                    "y": 0.46730515360832214,
                    "z": -0.004262947011739016
                },
                {
                    "x": 0.4547080993652344,
                    "y": 0.44385847449302673,
                    "z": -0.009534807875752449
                },
                {
                    "x": 0.45749369263648987,
                    "y": 0.4298536479473114,
                    "z": -0.01559360884130001
                },
                {
                    "x": 0.44673973321914673,
                    "y": 0.4289427399635315,
                    "z": -0.020915336906909943
                },
                {
                    "x": 0.43542757630348206,
                    "y": 0.3663097620010376,
                    "z": -0.005288179498165846
                },
                {
                    "x": 0.45120880007743835,
                    "y": 0.38685745000839233,
                    "z": -0.015335174277424812
                },
                {
                    "x": 0.45203107595443726,
                    "y": 0.4104018211364746,
                    "z": -0.02353716641664505
                },
                {
                    "x": 0.4483506679534912,
                    "y": 0.41633203625679016,
                    "z": -0.02886754646897316
                },
                {
                    "x": 0.42098838090896606,
                    "y": 0.3740299642086029,
                    "z": -0.00881454348564148
                },
                {
                    "x": 0.4402364194393158,
                    "y": 0.4109964072704315,
                    "z": -0.015334518626332283
                },
                {
                    "x": 0.440329909324646,
                    "y": 0.4310145080089569,
                    "z": -0.01943792961537838
                },
                {
                    "x": 0.43532922863960266,
                    "y": 0.4313894212245941,
                    "z": -0.02310623787343502
                },
                {
                    "x": 0.40903910994529724,
                    "y": 0.39260736107826233,
                    "z": -0.013243886642158031
                },
                {
                    "x": 0.42938923835754395,
                    "y": 0.42917779088020325,
                    "z": -0.018910860642790794
                },
                {
                    "x": 0.43072056770324707,
                    "y": 0.44517073035240173,
                    "z": -0.01968044601380825
                },
                {
                    "x": 0.4262584447860718,
                    "y": 0.4424183666706085,
                    "z": -0.020644616335630417
                },
                {
                    "x": 0.40037187933921814,
                    "y": 0.41636601090431213,
                    "z": -0.018490765243768692
                },
                {
                    "x": 0.4194222390651703,
                    "y": 0.44469571113586426,
                    "z": -0.021268736571073532
                },
                {
                    "x": 0.4209599494934082,
                    "y": 0.45870763063430786,
                    "z": -0.020095407962799072
                },
                {
                    "x": 0.4165368676185608,
                    "y": 0.4581407904624939,
                    "z": -0.01926630549132824
                }
            ],
            [
                {
                    "x": 0.42548811435699463,
                    "y": 0.4728001058101654,
                    "z": -1.233068473993626e-07
                },
                {
                    "x": 0.44030821323394775,
                    "y": 0.4648643136024475,
                    "z": -0.006379298400133848
                },
                {
                    "x": 0.45322999358177185,
                    "y": 0.44603094458580017,
                    "z": -0.011942013166844845
                },
                {
                    "x": 0.4550084173679352,
                    "y": 0.4322865307331085,
                    "z": -0.017285868525505066
                },
                {
                    "x": 0.4453360140323639,
                    "y": 0.42940205335617065,
                    "z": -0.021677404642105103
                },
                {
                    "x": 0.43602949380874634,
                    "y": 0.36932626366615295,
                    "z": -0.007042172830551863
                },
                {
                    "x": 0.45117518305778503,
                    "y": 0.3895442485809326,
                    "z": -0.017651693895459175
                },
                {
                    "x": 0.4501449465751648,
                    "y": 0.41364824771881104,
                    "z": -0.02545500546693802
                },
                {
                    "x": 0.4460865557193756,
                    "y": 0.41760703921318054,
                    "z": -0.0304561797529459
                },
                {
                    "x": 0.4222849905490875,
                    "y": 0.3750271201133728,
                    "z": -0.00936299841850996
                },
                {
                    "x": 0.4400619864463806,
                    "y": 0.4042377471923828,
                    "z": -0.016602156683802605
                },
                {
                    "x": 0.4388998746871948,
                    "y": 0.4262314438819885,
                    "z": -0.019429458305239677
                },
                {
                    "x": 0.4347846806049347,
                    "y": 0.42719167470932007,
                    "z": -0.0217332374304533
                },
                {
                    "x": 0.4105979800224304,
                    "y": 0.3921099603176117,
                    "z": -0.012890416197478771
                },
                {
                    "x": 0.42865684628486633,
                    "y": 0.4231796860694885,
                    "z": -0.01914445497095585
                },
                {
                    "x": 0.42915695905685425,
                    "y": 0.44136181473731995,
                    "z": -0.018333423882722855
                },
                {
                    "x": 0.42524489760398865,
                    "y": 0.44132745265960693,
                    "z": -0.01786595769226551
                },
                {
                    "x": 0.4019903838634491,
                    "y": 0.4158305525779724,
                    "z": -0.017434803768992424
                },
                {
                    "x": 0.4177649915218353,
                    "y": 0.4415241777896881,
                    "z": -0.02056041546165943
                },
                {
                    "x": 0.41914889216423035,
                    "y": 0.4555385112762451,
                    "z": -0.019196702167391777
                },
                {
                    "x": 0.41513997316360474,
                    "y": 0.45569005608558655,
                    "z": -0.018051009625196457
                }
            ]
        ]
    },
    {
        "hands": [
            [
                {
                    "x": 0.4237090051174164,
                    "y": 0.4988737404346466,
                    "z": -1.252730186251938e-07
                },
                {
                    "x": 0.43859773874282837,
                    "y": 0.49019697308540344,
                    "z": -0.007590713910758495
                },
                {
                    "x": 0.4501977860927582,
                    "y": 0.4698505997657776,
                    "z": -0.013493609614670277
                },
                {
                    "x": 0.44879722595214844,
                    "y": 0.4561566114425659,
                    "z": -0.018890708684921265
                },
                {
                    "x": 0.44004571437835693,
                    "y": 0.4466821253299713,
                    "z": -0.023186327889561653
                },
                {
                    "x": 0.43379831314086914,
                    "y": 0.39051759243011475,
                    "z": -0.007173971273005009
                },
                {
                    "x": 0.4480918347835541,
                    "y": 0.40129926800727844,
                    "z": -0.01778305508196354
                },
                {
                    "x": 0.4476251006126404,
                    "y": 0.42820754647254944,
                    "z": -0.02535054087638855
                },
                {
                    "x": 0.4432576894760132,
                    "y": 0.43614092469215393,
                    "z": -0.03004469722509384
                },
                {
                    "x": 0.42027747631073,
                    "y": 0.39618903398513794,
                    "z": -0.008969870395958424
                },
                {
                    "x": 0.43718457221984863,
                    "y": 0.4129244089126587,
                    "z": -0.016551746055483818
                },
                {
                    "x": 0.4370707869529724,
                    "y": 0.43993064761161804,
                    "z": -0.019253015518188477
                },
                {
                    "x": 0.4327392876148224,
                    "y": 0.4457235038280487,
                    "z": -0.020911823958158493
                },
                {
                    "x": 0.4088762402534485,
                    "y": 0.4134984314441681,
                    "z": -0.012127956375479698
                },
                {
                    "x": 0.42654716968536377,
                    "y": 0.4361880123615265,
                    "z": -0.01905066892504692
                },
                {
                    "x": 0.42761632800102234,
                    "y": 0.45956262946128845,
                    "z": -0.017745016142725945
                },
                {
                    "x": 0.4235399663448334,
                    "y": 0.46439167857170105,
                    "z": -0.016455000266432762
                },
                {
                    "x": 0.40043920278549194,
                    "y": 0.43815186619758606,
                    "z": -0.01633080281317234
                },
                {
                    "x": 0.41672220826148987,
                    "y": 0.45749902725219727,
                    "z": -0.019659651443362236
                },
                {
                    "x": 0.41862285137176514,
                    "y": 0.4757349491119385,
                    "z": -0.017593206837773323
                },
                {
                    "x": 0.41523948311805725,
                    "y": 0.4798831343650818,
                    "z": -0.015682099387049675
                }
            ]
        ]
    },
    {
        "hands": [
            [
                {
                    "x": 0.417542427778244,
                    "y": 0.5275562405586243,
                    "z": -1.1228879515101653e-07
                },
                {
                    "x": 0.43528422713279724,
                    "y": 0.5183788537979126,
                    "z": -0.0073111639358103275
                },
                {
                    "x": 0.448729932308197,
                    "y": 0.4921971261501312,
                    "z": -0.012066102586686611
                },
                {
                    "x": 0.44857555627822876,
                    "y": 0.47325530648231506,
                    "z": -0.016550755128264427
                },
                {
                    "x": 0.4369797110557556,
                    "y": 0.4704270362854004,
                    "z": -0.020419592037796974
                },
                {
                    "x": 0.4291036128997803,
                    "y": 0.42576441168785095,
                    "z": -0.007325741462409496
                },
                {
                    "x": 0.44241103529930115,
                    "y": 0.4174337089061737,
                    "z": -0.01772196963429451
                },
                {
                    "x": 0.44222521781921387,
                    "y": 0.44344741106033325,
                    "z": -0.024969659745693207
                },
                {
                    "x": 0.4383135735988617,
                    "y": 0.45824283361434937,
                    "z": -0.02904493920505047
                },
                {
                    "x": 0.41537269949913025,
                    "y": 0.42884984612464905,
                    "z": -0.00890565849840641
                },
                {
                    "x": 0.429913729429245,
                    "y": 0.4240025281906128,
                    "z": -0.01758444868028164
                },
                {
                    "x": 0.43132272362709045,
                    "y": 0.4527897536754608,
                    "z": -0.020219996571540833
                },
                {
                    "x": 0.42860543727874756,
                    "y": 0.46873241662979126,
                    "z": -0.020744668319821358
                },
                {
                    "x": 0.40395787358283997,
                    "y": 0.44080501794815063,
                    "z": -0.011754778213799
                },
                {
                    "x": 0.41896775364875793,
                    "y": 0.4453898072242737,
                    "z": -0.01846958138048649
                },
                {
                    "x": 0.4220382869243622,
                    "y": 0.4711237847805023,
                    "z": -0.016027677804231644
                },
                {
                    "x": 0.42012766003608704,
                    "y": 0.48556575179100037,
                    "z": -0.013282058760523796
                },
                {
                    "x": 0.39580631256103516,
                    "y": 0.45945972204208374,
                    "z": -0.015651242807507515
                },
                {
                    "x": 0.40924713015556335,
                    "y": 0.4643029570579529,
                    "z": -0.018534719944000244
                },
                {
                    "x": 0.41338205337524414,
                    "y": 0.48429250717163086,
                    "z": -0.015290074981749058
                },
                {
                    "x": 0.4132309854030609,
                    "y": 0.4958241581916809,
                    "z": -0.012142823077738285
                }
            ]
        ]
    },
    {
        "hands": [
            [
                {
                    "x": 0.41601940989494324,
                    "y": 0.5529613494873047,
                    "z": -1.079708766837939e-07
                },
                {
                    "x": 0.4323311150074005,
                    "y": 0.5427929759025574,
                    "z": -0.008297465741634369
                },
                {
                    "x": 0.4436558187007904,
                    "y": 0.5183054208755493,
                    "z": -0.013133177533745766
                },
                {
                    "x": 0.444664865732193,
                    "y": 0.49859142303466797,
                    "z": -0.01765097863972187
                },
                {
                    "x": 0.43616265058517456,
                    "y": 0.4929085373878479,
                    "z": -0.021409112960100174
                },
                {
                    "x": 0.42865851521492004,
                    "y": 0.4586040675640106,
                    "z": -0.008035188540816307
                },
                {
                    "x": 0.4315100908279419,
                    "y": 0.4421820640563965,
                    "z": -0.01819603331387043
                },
                {
                    "x": 0.43187257647514343,
                    "y": 0.467507541179657,
                    "z": -0.02530793845653534
                },
                {
                    "x": 0.43155577778816223,
                    "y": 0.4856860935688019,
                    "z": -0.02904852293431759
                },
                {
                    "x": 0.41500383615493774,
                    "y": 0.46368294954299927,
                    "z": -0.008429168723523617
                },
                {
                    "x": 0.4142196774482727,
                    "y": 0.45647841691970825,
                    "z": -0.01704731583595276
                },
                {
                    "x": 0.41626548767089844,
                    "y": 0.47993600368499756,
                    "z": -0.020627962425351143
                },
                {
                    "x": 0.4188477396965027,
                    "y": 0.49587658047676086,
                    "z": -0.02199111133813858
                },
                {
                    "x": 0.4027159512042999,
                    "y": 0.47618380188941956,
                    "z": -0.010205264203250408
                },
                {
                    "x": 0.40175262093544006,
                    "y": 0.4758594036102295,
                    "z": -0.01795850694179535
                },
                {
                    "x": 0.40651842951774597,
                    "y": 0.4949110448360443,
                    "z": -0.017477363348007202
                },
                {
                    "x": 0.41064029932022095,
                    "y": 0.5103132128715515,
                    "z": -0.015803296118974686
                },
                {
                    "x": 0.3928585648536682,
                    "y": 0.49420100450515747,
                    "z": -0.01289689727127552
                },
                {
                    "x": 0.39220380783081055,
                    "y": 0.49386969208717346,
                    "z": -0.01817966066300869
                },
                {
                    "x": 0.3972526490688324,
                    "y": 0.5075057148933411,
                    "z": -0.01691129244863987
                },
                {
                    "x": 0.40228089690208435,
                    "y": 0.5194633603096008,
                    "z": -0.014559068717062473
                }
            ]
        ]
    },
    {
        "hands": [
            [
                {
                    "x": 0.4113270044326782,
                    "y": 0.5553059577941895,
                    "z": -9.927795474595769e-08
                },
                {
                    "x": 0.42603161931037903,
                    "y": 0.553053081035614,
                    "z": -0.011652225628495216
                },
                {
                    "x": 0.43775737285614014,
                    "y": 0.5477932095527649,
                    "z": -0.02074989303946495
                },
                {
                    "x": 0.4377487301826477,
                    "y": 0.5493283271789551,
                    "z": -0.029284564778208733
                },
                {
                    "x": 0.4303695559501648,
                    "y": 0.5552619695663452,
                    "z": -0.03744058310985565
                },
                {
                    "x": 0.4244420826435089,
                    "y": 0.48696261644363403,
                    "z": -0.018505066633224487
                },
                {
                    "x": 0.42732250690460205,
                    "y": 0.48139023780822754,
                    "z": -0.03413569554686546
                },
                {
                    "x": 0.4273710548877716,
                    "y": 0.5099336504936218,
                    "z": -0.0432538278400898
                },
                {
                    "x": 0.42642414569854736,
                    "y": 0.532262921333313,
                    "z": -0.047163672745227814
                },
                {
                    "x": 0.40629881620407104,
                    "y": 0.49289602041244507,
                    "z": -0.01868186518549919
                },
                {
                    "x": 0.4047429859638214,
                    "y": 0.5193328857421875,
                    "z": -0.03370699658989906
                },
                {
                    "x": 0.40767526626586914,
                    "y": 0.559064507484436,
                    "z": -0.03775652498006821
                },
                {
                    "x": 0.40964746475219727,
                    "y": 0.5833891034126282,
                    "z": -0.03765429928898811
                },
                {
                    "x": 0.3921331763267517,
                    "y": 0.5089707970619202,
                    "z": -0.020174456760287285
                },
                {
                    "x": 0.3932763934135437,
                    "y": 0.5486429929733276,
                    "z": -0.03366522118449211
                },
                {
                    "x": 0.39773476123809814,
                    "y": 0.5812473893165588,
                    "z": -0.03232009708881378
                },
                {
                    "x": 0.4004324972629547,
                    "y": 0.6006813049316406,
                    "z": -0.028009289875626564
                },
                {
                    "x": 0.3824893534183502,
                    "y": 0.5298985838890076,
                    "z": -0.02269160747528076
                },
                {
                    "x": 0.3844136595726013,
                    "y": 0.5608822107315063,
                    "z": -0.030633212998509407
                },
                {
                    "x": 0.38888245820999146,
                    "y": 0.5871639251708984,
                    "z": -0.027504712343215942
                },
                {
                    "x": 0.392270028591156,
                    "y": 0.6025707125663757,
                    "z": -0.022439975291490555
                }
            ]
        ]
    },
    {
        "hands": [
            [
                {
                    "x": 0.4095504879951477,
                    "y": 0.6623265743255615,
                    "z": -1.2376607116948435e-07
                },
                {
                    "x": 0.42748770117759705,
                    "y": 0.6362118124961853,
                    "z": -0.003550604684278369
                },
                {
                    "x": 0.4380708336830139,
                    "y": 0.6006672382354736,
                    "z": -0.006117676384747028
                },
                {
                    "x": 0.438538521528244,
                    "y": 0.576605498790741,
                    "z": -0.009825714863836765
                },
                {
                    "x": 0.4303436279296875,
                    "y": 0.5687158107757568,
                    "z": -0.012688268907368183
                },
                {
                    "x": 0.4182106852531433,
                    "y": 0.5425171256065369,
                    "z": 0.002012911019846797
                },
                {
                    "x": 0.42209550738334656,
                    "y": 0.5250040292739868,
                    "z": -0.006922497414052486
                },
                {
                    "x": 0.42616933584213257,
                    "y": 0.5520892143249512,
                    "z": -0.014743159525096416
                },
                {
                    "x": 0.427529513835907,
                    "y": 0.5749186277389526,
                    "z": -0.018698735162615776
                },
                {
                    "x": 0.40468069911003113,
                    "y": 0.5497360825538635,
                    "z": -0.0003544835781212896
                },
                {
                    "x": 0.40723317861557007,
                    "y": 0.5340321063995361,
                    "z": -0.007811340503394604
                },
                {
                    "x": 0.41246259212493896,
                    "y": 0.5604806542396545,
                    "z": -0.012094265781342983
                },
                {
                    "x": 0.41524961590766907,
                    "y": 0.5839667916297913,
                    "z": -0.013437558896839619
                },
                {
                    "x": 0.3927270174026489,
                    "y": 0.5628910064697266,
                    "z": -0.004092743620276451
                },
                {
                    "x": 0.3940725028514862,
                    "y": 0.5510948300361633,
                    "z": -0.009797635488212109
                },
                {
                    "x": 0.4004911184310913,
                    "y": 0.5733228325843811,
                    "z": -0.008617137558758259
                },
                {
                    "x": 0.40373483300209045,
                    "y": 0.5943306088447571,
                    "z": -0.006324454210698605
                },
                {
                    "x": 0.3831464648246765,
                    "y": 0.5820009708404541,
                    "z": -0.008527576923370361
                },
                {
                    "x": 0.38358211517333984,
                    "y": 0.5714354515075684,
                    "z": -0.011019572615623474
                },
                {
                    "x": 0.3897334635257721,
                    "y": 0.5870859622955322,
                    "z": -0.007803185842931271
                },
                {
                    "x": 0.39369046688079834,
                    "y": 0.6030181050300598,
                    "z": -0.0041849808767437935
                }
            ],
            [
                {
                    "x": 0.40708523988723755,
                    "y": 0.5451454520225525,
                    "z": -1.1423541934618697e-07
                },
                {
                    "x": 0.42170488834381104,
                    "y": 0.548307478427887,
                    "z": -0.009477048180997372
                },
                {
                    "x": 0.43364766240119934,
                    "y": 0.5590113997459412,
                    "z": -0.018903914839029312
                },
                {
                    "x": 0.4372791647911072,
                    "y": 0.576858401298523,
                    "z": -0.027717163786292076
                },
                {
                    "x": 0.4366777837276459,
                    "y": 0.5941206216812134,
                    "z": -0.03702341020107269
                },
                {
                    "x": 0.4213654100894928,
                    "y": 0.5157129764556885,
                    "z": -0.01838322915136814
                },
                {
                    "x": 0.4197874665260315,
                    "y": 0.5482179522514343,
                    "z": -0.03178282082080841
                },
                {
                    "x": 0.4211241602897644,
                    "y": 0.577465295791626,
                    "z": -0.04180349409580231
                },
                {
                    "x": 0.42332038283348083,
                    "y": 0.5974166989326477,
                    "z": -0.04723455011844635
                },
                {
                    "x": 0.40454593300819397,
                    "y": 0.5219941139221191,
                    "z": -0.018656684085726738
                },
                {
                    "x": 0.4048650562763214,
                    "y": 0.557612419128418,
                    "z": -0.028660854324698448
                },
                {
                    "x": 0.4065273404121399,
                    "y": 0.5884659290313721,
                    "z": -0.03221718594431877
                },
                {
                    "x": 0.4074003994464874,
                    "y": 0.6076244115829468,
                    "z": -0.03432340547442436
                },
                {
                    "x": 0.39090394973754883,
                    "y": 0.5339881777763367,
                    "z": -0.01958407089114189
                },
                {
                    "x": 0.3923560678958893,
                    "y": 0.5697116851806641,
                    "z": -0.028254173696041107
                },
                {
                    "x": 0.3943953216075897,
                    "y": 0.595849335193634,
                    "z": -0.026920804753899574
                },
                {
                    "x": 0.3959209620952606,
                    "y": 0.6115548610687256,
                    "z": -0.024911431595683098
                },
                {
                    "x": 0.38200893998146057,
                    "y": 0.548167884349823,
                    "z": -0.021426476538181305
                },
                {
                    "x": 0.38177645206451416,
                    "y": 0.5757846832275391,
                    "z": -0.0260480847209692
                },
                {
                    "x": 0.384199321269989,
                    "y": 0.5958435535430908,
                    "z": -0.022722411900758743
                },
                {
                    "x": 0.386340469121933,
                    "y": 0.6069633960723877,
                    "z": -0.019353803247213364
                }
            ]
        ]
    },
    {
        "hands": [
            [
                {
                    "x": 0.4069189727306366,
                    "y": 0.7552250623703003,
                    "z": -4.194112079858314e-08
                },
                {
                    "x": 0.42259305715560913,
                    "y": 0.7437273263931274,
                    "z": -0.0055128345265984535
                },
                {
                    "x": 0.4327738881111145,
                    "y": 0.7124942541122437,
                    "z": -0.00733995670452714
                },
                {
                    "x": 0.43312734365463257,
                    "y": 0.6874149441719055,
                    "z": -0.00930904783308506
                },
                {
                    "x": 0.43029868602752686,
                    "y": 0.6702892184257507,
                    "z": -0.010625028982758522
                },
                {
                    "x": 0.4193112552165985,
                    "y": 0.6557260751724243,
                    "z": -0.0003546746738720685
                },
                {
                    "x": 0.41638675332069397,
                    "y": 0.6280263066291809,
                    "z": -0.005896877031773329
                },
                {
                    "x": 0.4172777831554413,
                    "y": 0.6357060670852661,
                    "z": -0.01093214750289917
                },
                {
                    "x": 0.41886258125305176,
                    "y": 0.6478031873703003,
                    "z": -0.013643310405313969
                },
                {
                    "x": 0.4047878682613373,
                    "y": 0.6578612327575684,
                    "z": -0.0005724437069147825
                },
                {
                    "x": 0.4014970660209656,
                    "y": 0.6309691071510315,
                    "z": -0.004413351882249117
                },
                {
                    "x": 0.4036312997341156,
                    "y": 0.6418156027793884,
                    "z": -0.007304695900529623
                },
                {
                    "x": 0.4060118794441223,
                    "y": 0.655583918094635,
                    "z": -0.008698358200490475
                },
                {
                    "x": 0.3914238512516022,
                    "y": 0.6677080988883972,
                    "z": -0.0019849108066409826
                },
                {
                    "x": 0.3875499963760376,
                    "y": 0.6437001824378967,
                    "z": -0.005426004994660616
                },
                {
                    "x": 0.3900163173675537,
                    "y": 0.6540813446044922,
                    "z": -0.004850291647017002
                },
                {
                    "x": 0.3923097550868988,
                    "y": 0.6668604016304016,
                    "z": -0.003835199633613229
                },
                {
                    "x": 0.37969639897346497,
                    "y": 0.6841058731079102,
                    "z": -0.0041164071299135685
                },
                {
                    "x": 0.3762223422527313,
                    "y": 0.664185643196106,
                    "z": -0.005685535259544849
                },
                {
                    "x": 0.3789594769477844,
                    "y": 0.670695960521698,
                    "z": -0.003325415076687932
                },
                {
                    "x": 0.38151174783706665,
                    "y": 0.6798475980758667,
                    "z": -0.0009377390379086137
                }
            ]
        ]
    },
    {
        "hands": [
            [
                {
                    "x": 0.3866109848022461,
                    "y": 0.9248007535934448,
                    "z": -9.202175732525575e-08
                },
                {
                    "x": 0.40487948060035706,
                    "y": 0.9353559017181396,
                    "z": -0.00028155019390396774
                },
                {
                    "x": 0.41830113530158997,
                    "y": 0.9607592821121216,
                    "z": -0.0028454656712710857
                },
                {
                    "x": 0.4214542508125305,
                    "y": 0.9889259338378906,
                    "z": -0.005903847049921751
                },
                {
                    "x": 0.41842368245124817,
                    "y": 1.0122451782226562,
                    "z": -0.008334079757332802
                },
                {
                    "x": 0.4189165234565735,
                    "y": 0.9750691652297974,
                    "z": -0.007537806406617165
                },
                {
                    "x": 0.42104431986808777,
                    "y": 1.0202994346618652,
                    "z": -0.012988602742552757
                },
                {
                    "x": 0.41615423560142517,
                    "y": 1.0190902948379517,
                    "z": -0.01524964440613985
                },
                {
                    "x": 0.4124131500720978,
                    "y": 1.0097696781158447,
                    "z": -0.015802333131432533
                },
                {
                    "x": 0.40606680512428284,
                    "y": 0.9835014939308167,
                    "z": -0.009858164936304092
                },
                {
                    "x": 0.40563860535621643,
                    "y": 1.0227785110473633,
                    "z": -0.012971628457307816
                },
                {
                    "x": 0.40105196833610535,
                    "y": 1.016860008239746,
                    "z": -0.013227320276200771
                },
                {
                    "x": 0.3988878130912781,
                    "y": 1.0037846565246582,
                    "z": -0.013356547802686691
                },
                {
                    "x": 0.39159730076789856,
                    "y": 0.9885916113853455,
                    "z": -0.011965733952820301
                },
                {
                    "x": 0.39219918847084045,
                    "y": 1.0234520435333252,
                    "z": -0.014135850593447685
                },
                {
                    "x": 0.3890500068664551,
                    "y": 1.0167672634124756,
                    "z": -0.011410411447286606
                },
                {
                    "x": 0.38767850399017334,
                    "y": 1.003147006034851,
                    "z": -0.009627348743379116
                },
                {
                    "x": 0.3779815137386322,
                    "y": 0.9907540678977966,
                    "z": -0.013956744223833084
                },
                {
                    "x": 0.37895554304122925,
                    "y": 1.021157145500183,
                    "z": -0.014828449115157127
                },
                {
                    "x": 0.37705352902412415,
                    "y": 1.0154311656951904,
                    "z": -0.01138140819966793
                },
                {
                    "x": 0.37575313448905945,
                    "y": 1.0035067796707153,
                    "z": -0.008612476289272308
                }
            ]
        ]
    }
]